time,x,y
0.0,206.8,152.4
4.0,207.0,151.5
8.0,207.6,151.9
12.0,207.6,152.2
16.0,207.8,151.6
20.0,207.9,150.9
24.0,207.9,151.6
28.0,208.1,152.0
32.0,208.4,151.4
36.0,207.3,151.4
40.0,207.2,151.2
44.0,208.0,151.6
48.0,207.8,151.0
52.0,208.3,150.7
56.0,207.3,150.3
60.0,207.7,150.9
64.0,207.4,150.7
68.0,207.8,150.1
72.0,207.4,150.0
76.0,207.6,150.0
80.0,209.2,150.5
84.0,207.8,150.2
88.0,207.4,150.1
92.0,207.7,151.2
96.0,207.2,150.4
100.0,207.4,150.6
104.0,207.4,150.9
108.0,207.0,151.6
112.0,206.9,150.8
116.0,207.8,151.8
120.0,207.5,152.0
124.0,207.0,151.9
128.0,206.5,152.5
132.0,207.0,152.6
136.0,207.2,152.5
140.0,206.9,152.3
144.0,207.1,152.2
148.0,207.0,153.2
152.0,206.6,152.7
156.0,206.9,153.0
160.0,206.7,153.1
164.0,207.0,152.4
168.0,206.8,153.0
172.0,207.4,152.8
176.0,207.4,153.1
180.0,203.2,152.9
184.0,187.4,152.9
188.0,166.6,151.6
192.0,154.8,151.3
196.0,155.3,149.9
200.0,160.7,148.0
204.0,168.7,148.5
208.0,171.5,149.0
212.0,170.7,149.8
216.0,169.9,149.3
220.0,168.3,148.9
224.0,167.8,148.9
228.0,166.8,149.0
232.0,167.2,149.2
236.0,166.7,148.7
240.0,165.8,148.7
244.0,165.6,148.3
248.0,165.6,148.2
252.0,165.7,148.1
256.0,166.2,148.8
260.0,165.8,148.6
264.0,166.1,148.4
268.0,167.2,147.5
272.0,166.7,148.0
276.0,166.6,147.4
280.0,167.4,148.1
284.0,167.0,147.4
288.0,167.2,147.7
292.0,167.1,147.6
296.0,167.2,147.4
300.0,167.7,146.8
304.0,167.3,146.4
308.0,166.7,146.5
312.0,167.4,146.6
316.0,167.7,146.4
320.0,167.4,145.9
324.0,167.3,145.2
328.0,168.3,145.1
332.0,167.8,144.1
336.0,167.2,144.4
340.0,167.0,144.3
344.0,167.7,144.6
348.0,167.3,145.0
352.0,167.8,146.6
356.0,167.2,147.1
360.0,166.8,148.4
364.0,166.8,148.5
368.0,166.4,148.5
372.0,166.5,149.0
376.0,167.2,148.8
380.0,165.8,148.7
384.0,165.5,149.1
388.0,165.8,148.8
392.0,166.3,148.4
396.0,166.7,147.3
400.0,166.0,147.9
404.0,171.7,148.0
408.0,197.7,149.9
412.0,229.8,151.7
416.0,251.9,153.4
420.0,262.4,152.7
424.0,265.3,150.9
428.0,261.2,152.1
432.0,253.4,152.5
436.0,245.0,153.4
440.0,242.3,153.3
444.0,243.9,153.9
448.0,247.7,154.2
452.0,248.7,154.1
456.0,249.1,154.6
460.0,250.6,154.5
464.0,251.0,155.2
468.0,251.3,154.5
472.0,251.0,154.4
476.0,252.3,152.9
480.0,252.9,152.8
484.0,251.9,152.2
488.0,252.8,151.7
492.0,251.5,151.6
496.0,251.7,151.3
500.0,251.9,151.6
504.0,252.1,152.3
508.0,251.9,153.0
512.0,251.7,153.5
516.0,251.9,153.5
520.0,252.5,153.5
524.0,252.1,153.8
528.0,252.1,153.9
532.0,251.9,154.3
536.0,252.8,153.3
540.0,252.7,151.9
544.0,252.3,150.7
548.0,251.8,149.8
552.0,253.1,150.4
556.0,252.9,149.2
560.0,252.1,149.3
564.0,252.4,149.7
568.0,252.7,150.0
572.0,253.2,150.5
576.0,253.3,149.7
580.0,253.3,149.9
584.0,252.7,149.8
588.0,252.3,150.0
592.0,252.6,150.6
596.0,266.5,152.4
600.0,301.3,156.8
604.0,340.2,158.2
608.0,372.4,158.2
612.0,382.2,155.8
616.0,387.0,155.2
620.0,386.2,155.3
624.0,379.5,155.3
628.0,369.4,155.5
632.0,363.3,155.8
636.0,363.9,156.7
640.0,368.5,155.6
644.0,371.9,155.1
648.0,373.3,155.5
652.0,374.2,156.1
656.0,374.8,157.2
660.0,374.9,156.8
664.0,375.3,156.2
668.0,374.2,154.9
672.0,374.8,155.3
676.0,374.4,154.0
680.0,375.3,154.5
684.0,375.7,154.8
688.0,375.2,154.7
692.0,375.3,154.4
696.0,375.5,155.3
700.0,375.6,154.9
704.0,375.4,155.8
708.0,374.9,155.7
712.0,375.6,156.5
716.0,375.5,157.3
720.0,375.0,157.0
724.0,375.1,157.5
728.0,375.4,157.5
732.0,375.4,156.4
736.0,375.4,157.2
740.0,375.3,156.9
744.0,375.2,156.9
748.0,375.4,157.2
752.0,375.8,156.2
756.0,376.1,156.1
760.0,376.0,156.9
764.0,376.5,156.1
768.0,375.7,156.6
772.0,375.4,157.9
776.0,375.8,158.2
780.0,376.4,157.4
784.0,376.5,157.8
788.0,375.9,158.1
792.0,376.4,158.7
796.0,376.6,158.6
800.0,377.0,158.2
804.0,376.6,158.6
808.0,375.9,158.6
812.0,376.5,158.8
816.0,376.4,158.7
820.0,376.8,158.8
824.0,376.9,158.7
828.0,376.6,158.9
832.0,375.9,158.6
836.0,376.1,158.4
840.0,375.6,158.7
844.0,375.9,157.4
848.0,376.3,157.6
852.0,376.1,158.0
856.0,376.1,158.0
860.0,375.9,157.2
864.0,376.2,157.2
868.0,376.1,157.0
872.0,387.0,158.3
876.0,417.1,160.4
880.0,445.4,158.7
884.0,457.4,155.1
888.0,459.7,153.0
892.0,452.2,152.4
896.0,443.6,154.4
900.0,440.7,154.3
904.0,438.7,154.4
908.0,437.3,152.9
912.0,439.7,153.6
916.0,442.7,154.6
920.0,443.0,154.1
924.0,443.9,154.2
928.0,445.9,154.4
932.0,446.1,154.6
936.0,446.7,154.6
940.0,447.5,153.8
944.0,448.0,153.8
948.0,447.5,154.7
952.0,447.0,153.8
956.0,447.5,153.5
960.0,447.7,153.6
964.0,447.3,154.1
968.0,447.4,153.4
972.0,447.6,153.7
976.0,448.2,154.0
980.0,447.4,154.1
984.0,448.1,153.6
988.0,448.4,154.0
992.0,448.4,153.6
996.0,448.8,153.6
1000.0,449.0,153.4
1004.0,448.3,153.4
1008.0,448.4,153.2
1012.0,448.6,153.0
1016.0,448.9,153.5
1020.0,447.9,153.1
1024.0,448.9,153.1
1028.0,452.4,153.5
1032.0,460.0,155.5
1036.0,482.6,156.8
1040.0,512.0,158.2
1044.0,528.1,158.2
1048.0,526.5,156.5
1052.0,517.4,155.8
1056.0,511.6,156.0
1060.0,509.4,157.2
1064.0,508.9,156.9
1068.0,508.4,157.1
1072.0,508.7,156.3
1076.0,510.5,156.7
1080.0,511.0,157.8
1084.0,511.4,156.9
1088.0,512.3,157.4
1092.0,513.4,157.1
1096.0,513.7,158.1
1100.0,513.4,158.6
1104.0,513.4,158.8
1108.0,512.6,158.9
1112.0,513.2,159.1
1116.0,513.4,158.6
1120.0,513.2,157.7
1124.0,513.0,158.2
1128.0,514.2,158.1
1132.0,513.0,157.6
1136.0,513.8,156.9
1140.0,513.7,155.6
1144.0,513.4,155.7
1148.0,514.2,155.9
1152.0,514.3,155.4
1156.0,513.0,155.8
1160.0,512.8,155.8
1164.0,513.6,156.0
1168.0,513.5,155.8
1172.0,513.2,156.0
1176.0,513.9,155.9
1180.0,513.3,156.2
1184.0,514.1,156.5
1188.0,514.2,156.4
1192.0,514.1,156.6
1196.0,514.3,156.8
1200.0,514.8,157.0
1204.0,513.8,156.9
1208.0,514.6,156.8
1212.0,514.0,156.1
1216.0,514.0,155.4
1220.0,514.1,155.4
1224.0,513.5,156.4
1228.0,513.7,156.6
1232.0,513.8,156.4
1236.0,514.1,156.0
1240.0,514.3,157.0
1244.0,513.3,156.6
1248.0,513.6,157.6
1252.0,514.1,157.9
1256.0,515.2,159.4
1260.0,514.1,159.0
1264.0,515.5,158.8
1268.0,515.1,160.4
1272.0,515.1,160.0
1276.0,514.8,160.3
1280.0,516.6,161.3
1284.0,531.1,161.1
1288.0,553.6,162.1
1292.0,580.8,161.4
1296.0,590.7,161.0
1300.0,589.6,159.5
1304.0,585.8,158.9
1308.0,583.1,158.0
1312.0,579.1,159.0
1316.0,575.8,159.1
1320.0,575.1,159.5
1324.0,577.0,159.5
1328.0,578.8,159.9
1332.0,579.7,159.9
1336.0,579.1,160.1
1340.0,579.6,160.0
1344.0,580.3,160.2
1348.0,580.5,159.7
1352.0,581.6,159.4
1356.0,580.7,159.5
1360.0,580.3,159.3
1364.0,580.8,160.1
1368.0,581.1,160.6
1372.0,582.1,160.8
1376.0,582.7,160.5
1380.0,582.2,160.1
1384.0,582.2,159.9
1388.0,582.0,160.2
1392.0,582.1,160.1
1396.0,582.6,159.4
1400.0,583.1,159.6
1404.0,582.5,158.9
1408.0,582.3,158.9
1412.0,582.7,159.0
1416.0,583.1,159.3
1420.0,583.1,159.5
1424.0,583.5,159.0
1428.0,582.5,159.3
1432.0,582.6,158.7
1436.0,583.6,159.6
1440.0,583.6,159.8
1444.0,590.6,160.3
1448.0,615.3,160.3
1452.0,648.3,162.0
1456.0,687.0,163.6
1460.0,710.3,164.9
1464.0,719.8,163.1
1468.0,721.3,162.1
1472.0,719.9,159.1
1476.0,713.8,158.0
1480.0,703.4,158.5
1484.0,699.0,159.6
1488.0,701.0,160.1
1492.0,703.4,160.4
1496.0,706.6,160.7
1500.0,707.9,161.0
1504.0,707.5,161.3
1508.0,707.8,162.0
1512.0,708.3,162.6
1516.0,707.8,163.0
1520.0,707.9,163.0
1524.0,707.7,161.5
1528.0,707.5,162.2
1532.0,707.6,162.8
1536.0,706.4,162.9
1540.0,706.9,162.4
1544.0,707.1,162.3
1548.0,707.4,162.5
1552.0,706.8,163.0
1556.0,707.0,163.1
1560.0,707.3,163.4
1564.0,707.5,163.5
1568.0,707.8,163.5
1572.0,707.8,164.4
1576.0,707.0,164.0
1580.0,707.4,164.3
1584.0,707.3,164.0
1588.0,708.0,164.3
1592.0,708.8,164.0
1596.0,708.8,164.0
1600.0,708.0,164.5
1604.0,708.3,164.1
1608.0,707.7,164.2
1612.0,707.5,164.3
1616.0,707.6,164.6
1620.0,708.5,164.2
1624.0,708.0,165.2
1628.0,707.6,164.7
1632.0,708.3,164.5
1636.0,708.1,164.3
1640.0,708.3,164.3
1644.0,707.9,165.0
1648.0,708.3,164.1
1652.0,708.1,164.3
1656.0,708.1,164.2
1660.0,708.1,164.6
1664.0,708.0,164.0
1668.0,708.5,164.0
1672.0,707.9,163.4
1676.0,707.6,163.6
1680.0,707.6,163.2
1684.0,707.5,162.9
1688.0,708.0,162.3
1692.0,707.8,162.7
1696.0,707.8,162.2
1700.0,707.2,162.7
1704.0,707.8,162.5
1708.0,707.8,161.8
1712.0,707.6,161.8
1716.0,707.7,162.0
1720.0,708.0,161.8
1724.0,707.9,161.7
1728.0,707.8,161.7
1732.0,707.9,161.6
1736.0,708.1,162.1
1740.0,708.3,162.2
1744.0,708.3,162.1
1748.0,710.4,162.5
1752.0,724.6,163.3
1756.0,748.1,165.1
1760.0,770.2,165.1
1764.0,785.6,163.9
1768.0,793.1,161.3
1772.0,796.9,161.7
1776.0,793.0,162.0
1780.0,786.8,161.3
1784.0,780.4,161.9
1788.0,780.1,161.4
1792.0,781.9,160.2
1796.0,783.0,161.6
1800.0,784.6,161.6
1804.0,785.9,163.3
1808.0,787.0,162.5
1812.0,786.9,162.3
1816.0,787.4,163.7
1820.0,787.1,163.6
1824.0,787.5,163.4
1828.0,787.7,163.6
1832.0,788.0,163.5
1836.0,787.7,163.6
1840.0,787.7,163.4
1844.0,787.4,163.7
1848.0,787.7,163.5
1852.0,788.2,163.4
1856.0,787.6,163.6
1860.0,788.4,164.2
1864.0,788.6,164.2
1868.0,789.1,163.7
1872.0,788.7,163.9
1876.0,789.4,163.8
1880.0,788.7,163.6
1884.0,787.6,163.8
1888.0,787.7,163.9
1892.0,789.0,163.8
1896.0,788.4,163.2
1900.0,788.6,164.0
1904.0,789.0,164.4
1908.0,795.7,165.0
1912.0,807.9,165.9
1916.0,830.8,166.5
1920.0,851.5,165.4
1924.0,859.0,165.1
1928.0,855.9,166.1
1932.0,850.4,165.6
1936.0,848.0,165.1
1940.0,845.0,164.3
1944.0,844.3,164.1
1948.0,844.0,164.6
1952.0,844.9,165.0
1956.0,845.0,165.3
1960.0,846.0,165.5
1964.0,844.5,165.6
1968.0,845.0,165.8
1972.0,845.3,165.0
1976.0,845.0,164.9
1980.0,845.0,165.9
1984.0,844.8,166.4
1988.0,844.9,165.6
1992.0,844.7,166.3
1996.0,844.2,166.7
2000.0,845.3,166.5
2004.0,846.0,166.7
2008.0,846.1,166.5
2012.0,846.2,166.3
2016.0,846.2,166.3
2020.0,846.2,166.9
2024.0,846.4,167.1
2028.0,846.6,166.9
2032.0,846.0,167.3
2036.0,846.2,167.2
2040.0,846.1,167.0
2044.0,845.8,167.0
2048.0,845.7,167.2
2052.0,845.4,167.3
2056.0,846.1,167.0
2060.0,845.0,166.9
2064.0,845.1,166.4
2068.0,845.6,166.4
2072.0,844.6,167.7
2076.0,845.1,166.8
2080.0,845.4,167.0
2084.0,844.6,167.2
2088.0,845.4,167.2
2092.0,845.5,167.1
2096.0,846.4,167.6
2100.0,846.0,167.6
2104.0,846.5,166.7
2108.0,847.1,166.4
2112.0,847.5,166.6
2116.0,847.8,166.5
2120.0,847.7,166.2
2124.0,847.5,165.7
2128.0,848.0,167.0
2132.0,848.4,166.0
2136.0,849.1,166.4
2140.0,849.1,167.1
2144.0,849.1,167.1
2148.0,849.2,167.5
2152.0,849.1,167.4
2156.0,850.1,167.3
2160.0,852.2,167.2
2164.0,868.9,167.5
2168.0,897.5,168.1
2172.0,932.3,167.2
2176.0,956.2,163.9
2180.0,975.1,159.4
2184.0,988.5,157.5
2188.0,990.2,157.9
2192.0,983.3,159.8
2196.0,974.2,160.8
2200.0,969.0,160.7
2204.0,969.8,160.4
2208.0,972.8,159.4
2212.0,976.3,159.2
2216.0,977.5,160.2
2220.0,977.8,161.0
2224.0,978.1,161.2
2228.0,979.0,161.2
2232.0,979.0,161.5
2236.0,978.4,161.7
2240.0,978.1,162.1
2244.0,976.8,162.0
2248.0,976.8,162.0
2252.0,977.3,162.6
2256.0,977.6,162.5
2260.0,977.7,162.9
2264.0,977.6,163.1
2268.0,977.0,163.0
2272.0,977.3,164.2
2276.0,977.9,163.4
2280.0,978.3,163.3
2284.0,978.0,164.8
2288.0,978.5,164.4
2292.0,977.4,164.5
2296.0,977.6,164.8
2300.0,978.7,164.8
2304.0,977.9,164.5
2308.0,978.7,164.1
2312.0,979.2,164.3
2316.0,978.3,164.1
2320.0,978.1,164.4
2324.0,978.5,164.4
2328.0,978.8,164.2
2332.0,979.0,164.5
2336.0,979.2,164.6
2340.0,979.4,164.7
2344.0,980.0,164.7
2348.0,979.5,164.4
2352.0,978.7,164.3
2356.0,978.7,165.1
2360.0,979.2,164.6
2364.0,979.2,164.4
2368.0,979.0,164.5
2372.0,979.7,163.9
2376.0,979.6,164.0
2380.0,979.4,163.6
2384.0,978.9,164.1
2388.0,978.7,163.9
2392.0,978.8,163.6
2396.0,978.8,163.8
2400.0,979.0,163.9
2404.0,978.8,164.7
2408.0,978.8,163.6
2412.0,979.3,163.6
2416.0,979.2,163.4
2420.0,979.1,163.1
2424.0,978.4,163.3
2428.0,977.4,162.9
2432.0,977.6,163.2
2436.0,977.8,163.3
2440.0,977.9,163.4
2444.0,977.7,163.2
2448.0,978.0,163.2
2452.0,978.2,162.8
2456.0,977.7,163.2
2460.0,978.3,163.0
2464.0,978.1,163.5
2468.0,977.9,163.3
2472.0,978.5,163.2
2476.0,978.4,163.2
2480.0,977.7,163.5
2484.0,978.1,163.6
2488.0,978.3,163.1
2492.0,977.8,162.8
2496.0,978.1,163.8
2500.0,978.3,163.8
2504.0,978.5,163.9
2508.0,977.9,164.2
2512.0,964.3,166.3
2516.0,925.3,169.2
2520.0,868.4,176.5
2524.0,804.6,185.0
2528.0,744.7,185.6
2532.0,688.1,179.4
2536.0,635.4,177.0
2540.0,579.0,187.4
2544.0,524.7,193.3
2548.0,471.1,193.2
2552.0,418.4,192.8
2556.0,368.1,201.3
2560.0,320.4,208.6
2564.0,275.6,214.8
2568.0,235.4,214.2
2572.0,201.7,213.1
2576.0,182.8,214.1
2580.0,185.3,212.1
2584.0,200.1,208.3
2588.0,206.0,205.6
2592.0,205.1,205.6
2596.0,196.9,204.9
2600.0,189.9,205.7
2604.0,183.5,206.5
2608.0,180.4,207.2
2612.0,180.8,207.0
2616.0,181.6,207.7
2620.0,181.5,207.7
2624.0,181.0,208.0
2628.0,181.7,207.9
2632.0,182.5,207.5
2636.0,183.2,209.2
2640.0,183.2,208.1
2644.0,183.1,208.3
2648.0,182.4,207.5
2652.0,182.2,208.0
2656.0,182.3,207.2
2660.0,181.9,208.2
2664.0,183.4,207.8
2668.0,182.0,208.0
2672.0,181.3,207.8
2676.0,181.1,208.1
2680.0,181.3,208.0
2684.0,181.8,207.9
2688.0,181.4,207.7
2692.0,179.5,207.8
2696.0,180.1,208.3
2700.0,180.0,207.3
2704.0,181.7,207.5
2708.0,181.3,207.9
2712.0,179.0,207.9
2716.0,180.7,207.6
2720.0,181.1,207.6
2724.0,180.3,207.3
2728.0,180.1,207.5
2732.0,179.5,207.7
2736.0,180.2,208.2
2740.0,180.1,208.5
2744.0,178.7,207.3
2748.0,179.0,208.0
2752.0,179.1,208.7
2756.0,179.0,209.3
2760.0,179.2,209.4
2764.0,179.6,209.1
2768.0,179.8,208.9
2772.0,180.4,208.9
2776.0,179.2,209.6
2780.0,179.2,209.2
2784.0,174.0,209.0
2788.0,158.7,209.6
2792.0,138.5,211.6
2796.0,135.2,212.2
2800.0,141.3,212.5
2804.0,154.4,210.5
2808.0,159.2,208.9
2812.0,156.0,208.3
2816.0,152.2,210.0
2820.0,152.7,211.0
2824.0,153.0,211.0
2828.0,151.6,210.8
2832.0,151.5,210.1
2836.0,150.7,209.9
2840.0,150.5,211.5
2844.0,150.5,212.3
2848.0,149.9,213.1
2852.0,150.2,212.8
2856.0,150.9,214.1
2860.0,151.7,214.6
2864.0,151.1,214.4
2868.0,151.4,214.3
2872.0,151.5,213.9
2876.0,151.0,213.7
2880.0,151.3,213.8
2884.0,151.2,214.4
2888.0,150.5,214.0
2892.0,150.6,212.6
2896.0,150.2,211.9
2900.0,150.1,211.5
2904.0,150.0,211.5
2908.0,150.3,211.0
2912.0,150.3,209.9
2916.0,150.0,209.6
2920.0,149.5,210.2
2924.0,149.5,211.2
2928.0,149.7,211.9
2932.0,148.7,211.1
2936.0,148.7,211.4
2940.0,149.0,210.5
2944.0,149.3,210.8
2948.0,149.5,211.4
2952.0,148.9,210.9
2956.0,149.6,210.5
2960.0,149.8,210.2
2964.0,149.9,209.1
2968.0,150.0,208.5
2972.0,150.0,208.1
2976.0,150.9,207.8
2980.0,151.8,208.7
2984.0,151.1,207.9
2988.0,150.4,208.2
2992.0,151.1,208.8
2996.0,153.2,208.9
3000.0,160.6,208.1
3004.0,181.2,210.8
3008.0,219.4,212.4
3012.0,242.2,208.6
3016.0,250.0,205.7
3020.0,248.6,205.7
3024.0,242.3,207.9
3028.0,236.0,210.5
3032.0,231.1,212.3
3036.0,229.4,211.2
3040.0,232.0,210.9
3044.0,235.8,209.8
3048.0,237.1,209.4
3052.0,238.1,209.7
3056.0,238.9,210.2
3060.0,240.1,211.3
3064.0,240.2,210.8
3068.0,239.7,210.4
3072.0,240.3,210.9
3076.0,240.7,211.3
3080.0,240.1,210.9
3084.0,239.2,210.4
3088.0,239.0,211.8
3092.0,239.3,211.8
3096.0,239.4,212.0
3100.0,240.2,212.2
3104.0,239.8,212.5
3108.0,240.0,212.6
3112.0,240.1,212.5
3116.0,240.1,212.9
3120.0,239.1,212.7
3124.0,239.4,212.3
3128.0,240.0,213.1
3132.0,240.3,212.8
3136.0,240.2,212.5
3140.0,240.7,212.6
3144.0,240.5,213.0
3148.0,239.9,212.7
3152.0,239.2,212.3
3156.0,240.5,212.6
3160.0,240.0,213.0
3164.0,238.8,212.5
3168.0,239.8,211.9
3172.0,241.2,213.1
3176.0,247.2,213.9
3180.0,269.9,214.9
3184.0,303.3,216.9
3188.0,318.9,215.8
3192.0,316.7,213.7
3196.0,308.7,213.6
3200.0,302.6,214.5
3204.0,300.4,215.7
3208.0,296.9,215.0
3212.0,297.2,214.3
3216.0,299.2,214.2
3220.0,300.2,214.3
3224.0,300.6,215.2
3228.0,301.0,215.4
3232.0,301.4,215.7
3236.0,302.5,216.2
3240.0,302.5,216.0
3244.0,302.6,216.2
3248.0,302.5,216.3
3252.0,303.3,216.8
3256.0,303.4,216.8
3260.0,304.1,217.0
3264.0,303.8,217.6
3268.0,303.2,217.3
3272.0,304.1,218.0
3276.0,303.7,218.0
3280.0,305.1,217.0
3284.0,303.5,216.9
3288.0,303.5,217.5
3292.0,303.7,217.0
3296.0,302.9,217.5
3300.0,303.9,217.4
3304.0,303.6,217.0
3308.0,303.7,217.1
3312.0,303.3,217.7
3316.0,303.5,217.3
3320.0,303.9,217.2
3324.0,303.8,216.6
3328.0,303.4,216.8
3332.0,303.7,216.4
3336.0,303.6,216.5
3340.0,303.0,216.9
3344.0,302.7,216.7
3348.0,302.5,216.5
3352.0,305.0,216.6
3356.0,323.1,218.5
3360.0,349.6,220.0
3364.0,377.1,217.8
3368.0,391.8,217.2
3372.0,390.1,217.4
3376.0,380.4,217.9
3380.0,373.3,217.6
3384.0,370.2,217.5
3388.0,369.5,218.1
3392.0,370.8,218.5
3396.0,372.0,217.9
3400.0,372.4,218.5
3404.0,373.4,218.7
3408.0,374.7,219.6
3412.0,374.7,220.0
3416.0,374.8,219.8
3420.0,374.6,220.2
3424.0,374.8,220.1
3428.0,375.0,219.8
3432.0,375.1,219.8
3436.0,374.7,219.5
3440.0,375.0,219.5
3444.0,374.3,219.8
3448.0,375.0,220.0
3452.0,375.0,219.7
3456.0,375.1,219.7
3460.0,375.1,219.7
3464.0,375.3,219.9
3468.0,375.7,219.0
3472.0,376.0,220.0
3476.0,375.7,220.0
3480.0,375.3,220.2
3484.0,375.8,220.5
3488.0,376.3,220.1
3492.0,376.7,220.1
3496.0,375.8,219.9
3500.0,375.7,219.9
3504.0,376.3,220.0
3508.0,375.9,220.0
3512.0,376.0,220.0
3516.0,376.3,220.0
3520.0,376.3,219.5
3524.0,376.4,219.3
3528.0,376.6,219.4
3532.0,376.5,219.5
3536.0,376.5,219.9
3540.0,376.2,219.4
3544.0,376.8,219.6
3548.0,376.9,219.0
3552.0,377.7,219.1
3556.0,376.9,218.4
3560.0,376.8,217.9
3564.0,376.8,217.7
3568.0,376.8,217.4
3572.0,379.5,217.5
3576.0,389.9,218.2
3580.0,405.1,218.6
3584.0,429.4,218.5
3588.0,441.3,216.8
3592.0,440.7,215.6
3596.0,434.6,215.8
3600.0,428.6,215.0
3604.0,426.7,215.3
3608.0,424.0,215.2
3612.0,424.0,214.5
3616.0,425.3,215.0
3620.0,426.9,214.9
3624.0,426.8,214.4
3628.0,427.8,214.9
3632.0,428.5,215.5
3636.0,428.0,216.1
3640.0,427.4,215.7
3644.0,427.2,216.7
3648.0,427.5,217.7
3652.0,428.7,218.6
3656.0,428.4,218.6
3660.0,427.9,219.0
3664.0,427.5,219.1
3668.0,427.4,219.5
3672.0,427.6,219.8
3676.0,427.3,219.2
3680.0,426.9,219.2
3684.0,427.2,218.5
3688.0,427.3,218.5
3692.0,427.1,217.6
3696.0,427.5,217.0
3700.0,427.5,216.7
3704.0,428.2,217.6
3708.0,427.9,217.1
3712.0,427.9,215.5
3716.0,429.0,215.6
3720.0,428.6,216.2
3724.0,427.8,217.0
3728.0,428.3,217.6
3732.0,427.9,218.2
3736.0,428.1,218.5
3740.0,428.7,218.4
3744.0,428.2,217.5
3748.0,428.0,218.1
3752.0,427.5,217.9
3756.0,430.8,219.1
3760.0,457.5,220.3
3764.0,495.7,218.4
3768.0,543.9,217.0
3772.0,580.8,213.2
3776.0,601.7,209.8
3780.0,614.5,208.1
3784.0,619.0,205.6
3788.0,610.5,207.0
3792.0,594.7,210.0
3796.0,587.5,211.2
3800.0,589.6,210.6
3804.0,594.2,210.3
3808.0,596.8,209.7
3812.0,598.1,209.8
3816.0,598.6,211.8
3820.0,599.2,212.3
3824.0,599.7,212.3
3828.0,600.2,211.5
3832.0,599.0,211.6
3836.0,598.6,212.1
3840.0,598.4,212.6
3844.0,598.0,211.5
3848.0,597.5,212.5
3852.0,597.6,213.1
3856.0,598.7,212.8
3860.0,597.9,213.0
3864.0,597.2,213.4
3868.0,598.4,213.5
3872.0,598.8,213.8
3876.0,598.8,213.7
3880.0,598.4,212.7
3884.0,599.4,212.9
3888.0,599.7,212.9
3892.0,599.4,213.1
3896.0,600.3,212.9
3900.0,599.8,213.6
3904.0,600.6,213.7
3908.0,601.4,214.0
3912.0,601.3,213.5
3916.0,600.2,213.0
3920.0,600.3,213.1
3924.0,601.0,213.4
3928.0,601.5,213.1
3932.0,601.2,213.0
3936.0,601.7,213.4
3940.0,602.3,213.9
3944.0,601.4,213.0
3948.0,601.2,213.2
3952.0,601.8,213.3
3956.0,601.4,213.1
3960.0,601.0,213.9
3964.0,601.0,214.1
3968.0,600.8,214.2
3972.0,600.9,214.6
3976.0,601.4,215.1
3980.0,601.6,214.9
3984.0,601.7,214.9
3988.0,600.8,214.7
3992.0,600.6,215.4
3996.0,600.8,215.1
4000.0,601.4,215.1
4004.0,600.9,214.4
4008.0,601.0,214.4
4012.0,602.1,214.4
4016.0,600.9,214.5
4020.0,601.3,214.3
4024.0,600.0,214.1
4028.0,600.8,214.0
4032.0,600.9,213.9
4036.0,600.7,213.8
4040.0,600.5,213.8
4044.0,599.8,213.9
4048.0,599.7,214.4
4052.0,600.8,214.3
4056.0,600.8,214.0
4060.0,600.7,214.0
4064.0,600.4,213.7
4068.0,599.9,213.3
4072.0,599.8,213.7
4076.0,599.9,213.6
4080.0,600.1,214.1
4084.0,599.9,214.6
4088.0,603.3,215.6
4092.0,620.7,216.6
4096.0,648.9,215.8
4100.0,688.4,216.7
4104.0,717.6,218.7
4108.0,737.6,219.9
4112.0,742.7,219.3
4116.0,738.0,215.9
4120.0,726.9,214.8
4124.0,716.4,215.1
4128.0,713.6,215.5
4132.0,715.0,216.3
4136.0,717.6,216.2
4140.0,720.7,216.7
4144.0,722.7,217.3
4148.0,723.5,218.6
4152.0,723.9,218.4
4156.0,723.7,219.2
4160.0,724.6,219.7
4164.0,725.1,220.2
4168.0,725.6,220.0
4172.0,724.8,219.6
4176.0,724.3,220.4
4180.0,724.6,221.4
4184.0,724.7,222.0
4188.0,725.2,223.1
4192.0,724.5,223.3
4196.0,724.8,222.8
4200.0,725.4,222.2
4204.0,725.5,223.5
4208.0,725.4,223.9
4212.0,724.8,223.5
4216.0,725.6,223.6
4220.0,725.7,223.1
4224.0,725.3,223.3
4228.0,725.0,222.6
4232.0,725.4,223.3
4236.0,726.1,223.5
4240.0,725.8,223.5
4244.0,725.6,222.7
4248.0,725.8,223.1
4252.0,726.0,222.7
4256.0,726.5,223.5
4260.0,725.5,223.2
4264.0,726.7,223.3
4268.0,726.4,223.8
4272.0,727.0,222.9
4276.0,726.1,223.3
4280.0,725.5,222.9
4284.0,726.1,223.5
4288.0,726.1,222.9
4292.0,726.2,223.8
4296.0,726.6,223.2
4300.0,726.8,223.1
4304.0,726.1,223.2
4308.0,726.3,223.0
4312.0,726.0,222.8
4316.0,726.3,222.5
4320.0,726.3,223.1
4324.0,726.6,222.7
4328.0,726.9,222.8
4332.0,726.8,222.4
4336.0,727.1,222.6
4340.0,727.7,222.8
4344.0,727.5,221.9
4348.0,727.4,221.6
4352.0,726.5,221.9
4356.0,726.6,222.0
4360.0,726.8,221.9
4364.0,726.7,221.9
4368.0,726.5,221.8
4372.0,725.7,221.6
4376.0,725.9,222.4
4380.0,725.9,222.5
4384.0,726.0,222.3
4388.0,726.3,222.0
4392.0,726.4,221.8
4396.0,726.7,222.3
4400.0,727.7,222.2
4404.0,726.3,222.6
4408.0,726.6,222.1
4412.0,726.1,222.0
4416.0,725.4,222.3
4420.0,726.5,222.9
4424.0,726.8,222.1
4428.0,732.6,222.9
4432.0,754.3,224.4
4436.0,778.3,224.1
4440.0,800.7,222.4
4444.0,810.8,221.4
4448.0,806.7,219.9
4452.0,797.0,220.2
4456.0,787.2,220.2
4460.0,782.9,219.0
4464.0,785.2,220.0
4468.0,787.6,219.9
4472.0,789.5,220.3
4476.0,789.9,220.7
4480.0,790.5,221.9
4484.0,790.8,221.9
4488.0,790.8,222.2
4492.0,790.6,222.2
4496.0,791.6,222.7
4500.0,791.6,223.0
4504.0,790.9,223.0
4508.0,791.3,222.5
4512.0,791.1,222.3
4516.0,790.0,222.3
4520.0,790.9,222.1
4524.0,790.9,222.5
4528.0,790.7,223.0
4532.0,790.6,222.2
4536.0,790.7,222.2
4540.0,790.6,222.3
4544.0,791.8,222.8
4548.0,790.8,222.6
4552.0,791.4,222.2
4556.0,791.7,221.8
4560.0,791.2,220.8
4564.0,792.0,220.3
4568.0,792.1,219.6
4572.0,791.8,219.2
4576.0,792.0,218.8
4580.0,791.9,218.5
4584.0,791.9,218.8
4588.0,792.4,219.2
4592.0,792.2,219.4
4596.0,792.3,219.6
4600.0,792.0,219.8
4604.0,791.6,219.7
4608.0,792.2,220.0
4612.0,793.0,219.8
4616.0,799.0,219.6
4620.0,817.4,219.1
4624.0,845.8,220.7
4628.0,860.9,221.0
4632.0,861.1,219.7
4636.0,854.2,219.6
4640.0,850.9,218.8
4644.0,849.9,218.9
4648.0,846.5,218.6
4652.0,844.5,218.5
4656.0,845.0,218.1
4660.0,847.2,218.0
4664.0,847.7,218.2
4668.0,848.0,218.4
4672.0,848.6,218.6
4676.0,848.6,219.0
4680.0,848.9,220.1
4684.0,848.6,220.1
4688.0,848.3,220.4
4692.0,848.0,220.5
4696.0,848.4,220.9
4700.0,848.2,221.0
4704.0,848.1,220.5
4708.0,847.5,221.1
4712.0,848.0,221.1
4716.0,848.3,221.6
4720.0,848.2,221.4
4724.0,848.8,222.1
4728.0,848.8,221.8
4732.0,848.8,222.3
4736.0,848.7,222.8
4740.0,848.6,223.0
4744.0,849.6,223.1
4748.0,849.1,223.1
4752.0,849.2,222.6
4756.0,849.0,223.2
4760.0,848.9,223.7
4764.0,848.7,223.1
4768.0,849.0,222.5
4772.0,849.5,223.1
4776.0,849.8,223.3
4780.0,849.2,223.6
4784.0,849.5,223.1
4788.0,849.6,222.7
4792.0,849.5,223.6
4796.0,849.5,223.1
4800.0,848.7,221.8
4804.0,849.0,222.0
4808.0,848.5,222.2
4812.0,848.6,222.4
4816.0,848.5,221.7
4820.0,849.5,222.2
4824.0,849.1,222.4
4828.0,856.7,221.9
4832.0,878.4,221.7
4836.0,906.0,222.2
4840.0,927.0,221.8
4844.0,941.0,221.9
4848.0,943.1,221.1
4852.0,936.8,220.5
4856.0,929.8,220.6
4860.0,926.6,220.4
4864.0,925.7,219.9
4868.0,926.2,220.0
4872.0,926.9,220.1
4876.0,928.1,220.3
4880.0,929.3,220.7
4884.0,930.2,221.5
4888.0,930.3,222.4
4892.0,930.4,222.2
4896.0,930.7,222.4
4900.0,930.6,222.4
4904.0,930.8,222.1
4908.0,930.4,221.6
4912.0,931.9,221.8
4916.0,930.5,222.0
4920.0,931.2,221.8
4924.0,931.4,221.5
4928.0,932.0,221.4
4932.0,931.9,221.6
4936.0,931.6,221.0
4940.0,932.5,220.9
4944.0,932.4,221.6
4948.0,932.6,221.2
4952.0,933.0,221.8
4956.0,933.1,222.0
4960.0,932.1,221.3
4964.0,932.7,221.1
4968.0,932.8,220.7
4972.0,932.9,221.2
4976.0,932.4,221.7
4980.0,932.2,222.1
4984.0,933.1,223.1
4988.0,933.0,222.4
4992.0,932.5,221.6
4996.0,933.3,221.4
5000.0,933.0,222.6
5004.0,932.9,221.9
5008.0,933.2,222.5
5012.0,933.4,222.2
5016.0,933.3,221.6
5020.0,933.2,222.2
5024.0,933.1,221.8
5028.0,933.4,221.6
5032.0,932.6,221.9
5036.0,932.9,221.5
5040.0,932.5,221.9
5044.0,933.0,221.5
5048.0,933.2,221.5
5052.0,933.1,221.4
5056.0,933.3,222.1
5060.0,933.4,222.0
5064.0,933.2,223.3
5068.0,934.1,221.7
5072.0,934.8,222.4
5076.0,934.6,220.9
5080.0,935.1,221.4
5084.0,935.2,222.4
5088.0,934.2,222.9
5092.0,933.8,222.9
5096.0,938.4,224.1
5100.0,961.4,226.7
5104.0,991.4,226.8
5108.0,1016.0,224.4
5112.0,1028.8,222.6
5116.0,1034.0,221.1
5120.0,1032.0,220.0
5124.0,1025.0,219.1
5128.0,1017.7,221.0
5132.0,1016.2,221.6
5136.0,1017.5,221.6
5140.0,1019.0,220.9
5144.0,1020.3,220.6
5148.0,1021.6,221.7
5152.0,1023.1,222.2
5156.0,1023.0,223.1
5160.0,1023.2,223.3
5164.0,1023.6,223.0
5168.0,1024.2,222.8
5172.0,1023.8,221.8
5176.0,1023.9,222.8
5180.0,1024.1,222.8
5184.0,1024.1,222.0
5188.0,1024.1,222.5
5192.0,1024.3,222.4
5196.0,1023.9,222.0
5200.0,1024.7,222.2
5204.0,1024.7,221.7
5208.0,1025.4,221.7
5212.0,1026.2,222.1
5216.0,1025.2,221.9
5220.0,1025.1,221.6
5224.0,1025.1,222.1
5228.0,1025.7,221.8
5232.0,1025.7,222.0
5236.0,1025.2,221.3
5240.0,1025.6,222.1
5244.0,1025.6,221.5
5248.0,1025.5,221.4
5252.0,1024.7,220.9
5256.0,1024.5,219.9
5260.0,1025.0,219.9
5264.0,1025.0,219.5
5268.0,1024.5,218.9
5272.0,1024.3,219.1
5276.0,1024.0,219.6
5280.0,1024.8,219.7
5284.0,1024.7,219.9
5288.0,1025.1,220.2
5292.0,1024.9,219.7
5296.0,1025.8,221.1
5300.0,1025.5,221.6
5304.0,1025.2,222.0
5308.0,1025.1,222.1
5312.0,1025.4,222.6
5316.0,1025.6,222.1
5320.0,1024.8,222.1
5324.0,1024.3,221.9
5328.0,1024.3,221.9
5332.0,1024.5,221.6
5336.0,1024.6,221.1
5340.0,1024.7,221.3
5344.0,1024.1,220.3
5348.0,1024.5,221.4
5352.0,1024.6,221.4
5356.0,1025.2,221.3
5360.0,1024.9,221.6
5364.0,1023.7,222.5
5368.0,1018.5,224.1
5372.0,997.8,227.2
5376.0,953.2,233.6
5380.0,896.8,239.1
5384.0,837.5,240.6
5388.0,781.0,238.8
5392.0,725.0,240.2
5396.0,666.9,251.5
5400.0,610.6,258.0
5404.0,555.5,256.8
5408.0,501.4,254.2
5412.0,448.9,252.6
5416.0,398.3,258.5
5420.0,350.8,262.8
5424.0,307.0,266.5
5428.0,267.9,268.4
5432.0,233.2,268.3
5436.0,209.1,269.1
5440.0,200.1,267.1
5444.0,209.3,265.3
5448.0,218.9,264.5
5452.0,220.8,263.0
5456.0,215.1,262.9
5460.0,207.2,263.0
5464.0,202.8,264.9
5468.0,201.0,264.4
5472.0,199.0,266.3
5476.0,198.6,266.2
5480.0,200.9,265.4
5484.0,200.8,266.3
5488.0,200.3,265.9
5492.0,200.0,265.8
5496.0,200.3,265.5
5500.0,200.5,265.6
5504.0,201.4,264.6
5508.0,201.1,265.1
5512.0,199.8,264.1
5516.0,200.7,264.1
5520.0,200.3,263.6
5524.0,200.1,264.0
5528.0,200.3,264.2
5532.0,199.5,263.5
5536.0,199.3,263.5
5540.0,199.5,263.6
5544.0,199.7,263.8
5548.0,199.2,264.3
5552.0,199.2,264.0
5556.0,199.6,264.0
5560.0,200.6,264.5
5564.0,200.1,265.3
5568.0,200.1,265.2
5572.0,200.8,264.9
5576.0,186.2,265.0
5580.0,165.7,267.4
5584.0,148.6,270.6
5588.0,142.2,270.3
5592.0,150.4,269.1
5596.0,159.5,265.9
5600.0,163.2,265.9
5604.0,163.4,266.5
5608.0,161.9,269.6
5612.0,161.5,270.0
5616.0,161.0,269.8
5620.0,159.6,267.6
5624.0,159.3,266.4
5628.0,158.9,266.1
5632.0,158.6,266.5
5636.0,158.3,267.7
5640.0,158.2,268.6
5644.0,156.6,268.2
5648.0,157.7,268.4
5652.0,157.6,268.3
5656.0,158.0,268.4
5660.0,157.9,268.2
5664.0,158.2,269.0
5668.0,158.2,268.1
5672.0,157.4,268.7
5676.0,157.4,268.5
5680.0,157.4,268.1
5684.0,157.0,268.8
5688.0,157.0,268.7
5692.0,157.9,269.1
5696.0,157.3,269.2
5700.0,157.3,269.1
5704.0,156.5,269.4
5708.0,156.7,269.5
5712.0,157.0,269.6
5716.0,156.8,269.1
5720.0,156.6,268.3
5724.0,157.0,268.0
5728.0,157.0,268.3
5732.0,157.1,268.3
5736.0,156.9,268.2
5740.0,156.9,267.5
5744.0,158.1,268.3
5748.0,157.8,268.1
5752.0,157.4,267.9
5756.0,158.0,267.4
5760.0,157.2,267.5
5764.0,157.3,267.5
5768.0,157.6,268.2
5772.0,158.0,267.6
5776.0,158.5,268.1
5780.0,158.8,267.2
5784.0,157.6,267.7
5788.0,158.0,267.7
5792.0,158.6,267.8
5796.0,158.8,267.9
5800.0,158.0,268.0
5804.0,159.6,267.5
5808.0,168.4,269.0
5812.0,198.8,271.5
5816.0,232.4,270.7
5820.0,251.1,270.4
5824.0,255.1,269.9
5828.0,248.0,268.6
5832.0,239.2,268.9
5836.0,232.6,269.3
5840.0,230.5,269.4
5844.0,231.5,269.8
5848.0,234.5,270.1
5852.0,236.5,269.6
5856.0,238.3,269.6
5860.0,240.0,270.1
5864.0,240.7,270.3
5868.0,240.9,271.3
5872.0,241.7,271.3
5876.0,240.9,270.5
5880.0,239.6,270.4
5884.0,240.7,270.6
5888.0,241.3,271.2
5892.0,241.6,271.1
5896.0,241.1,270.9
5900.0,240.9,271.0
5904.0,241.5,271.0
5908.0,241.4,271.0
5912.0,240.8,271.5
5916.0,241.5,271.8
5920.0,241.4,271.9
5924.0,241.8,271.7
5928.0,241.1,271.1
5932.0,241.6,271.5
5936.0,241.7,271.7
5940.0,241.0,271.7
5944.0,242.0,271.3
5948.0,242.2,271.5
5952.0,242.0,271.9
5956.0,241.7,271.4
5960.0,241.9,271.7
5964.0,242.1,271.5
5968.0,241.9,271.3
5972.0,242.4,271.5
5976.0,241.7,271.3
5980.0,242.3,272.4
5984.0,242.7,272.5
5988.0,243.3,272.0
5992.0,242.4,272.2
5996.0,242.5,271.8
6000.0,241.9,272.7
6004.0,241.8,272.6
6008.0,242.8,273.2
6012.0,242.6,273.0
6016.0,241.6,272.8
6020.0,243.2,273.0
6024.0,243.2,273.7
6028.0,241.9,272.7
6032.0,242.3,272.5
6036.0,243.2,272.0
6040.0,242.5,272.0
6044.0,243.1,272.4
6048.0,243.0,272.8
6052.0,250.9,273.0
6056.0,268.0,272.4
6060.0,295.3,272.7
6064.0,313.6,272.6
6068.0,313.8,271.2
6072.0,303.7,270.2
6076.0,297.9,270.6
6080.0,295.3,272.2
6084.0,294.9,272.4
6088.0,295.3,272.4
6092.0,296.0,271.6
6096.0,297.4,272.2
6100.0,298.6,272.3
6104.0,298.9,271.5
6108.0,299.4,271.9
6112.0,299.3,271.9
6116.0,299.5,271.4
6120.0,299.8,270.9
6124.0,299.8,271.2
6128.0,299.1,272.5
6132.0,298.0,272.1
6136.0,298.2,272.5
6140.0,297.0,273.9
6144.0,295.9,274.2
6148.0,295.6,274.1
6152.0,295.7,274.8
6156.0,294.8,274.6
6160.0,294.5,275.0
6164.0,294.4,274.4
6168.0,294.3,274.6
6172.0,294.3,274.9
6176.0,293.9,273.7
6180.0,294.7,274.4
6184.0,294.2,274.4
6188.0,294.2,273.9
6192.0,294.8,272.5
6196.0,295.1,272.8
6200.0,296.1,272.6
6204.0,296.2,272.8
6208.0,295.9,273.4
6212.0,296.1,273.4
6216.0,296.9,273.2
6220.0,297.2,274.1
6224.0,297.2,275.4
6228.0,296.6,275.0
6232.0,296.8,275.2
6236.0,296.1,275.5
6240.0,297.7,275.0
6244.0,321.9,275.1
6248.0,364.1,277.8
6252.0,412.9,283.5
6256.0,441.0,282.6
6260.0,457.9,283.8
6264.0,455.2,282.0
6268.0,443.9,280.8
6272.0,428.1,277.1
6276.0,420.1,273.5
6280.0,419.0,272.7
6284.0,422.3,273.9
6288.0,427.5,275.6
6292.0,431.4,277.2
6296.0,432.9,278.9
6300.0,434.1,280.7
6304.0,435.2,280.6
6308.0,435.4,282.9
6312.0,435.8,283.6
6316.0,435.0,283.5
6320.0,434.6,284.6
6324.0,435.0,284.6
6328.0,435.1,284.7
6332.0,434.7,284.1
6336.0,434.6,283.4
6340.0,434.8,283.8
6344.0,435.3,283.4
6348.0,435.9,283.4
6352.0,436.1,283.6
6356.0,435.9,284.1
6360.0,435.6,285.9
6364.0,435.2,284.1
6368.0,436.5,285.7
6372.0,436.8,285.1
6376.0,436.2,286.1
6380.0,436.5,286.6
6384.0,435.3,287.8
6388.0,435.2,287.9
6392.0,436.2,287.7
6396.0,435.9,286.7
6400.0,436.5,287.4
6404.0,436.3,287.0
6408.0,437.1,287.9
6412.0,436.2,287.6
6416.0,437.1,287.9
6420.0,436.7,289.2
6424.0,436.6,287.5
6428.0,436.7,287.0
6432.0,436.7,287.2
6436.0,436.3,286.9
6440.0,436.0,288.4
6444.0,436.3,288.6
6448.0,436.0,288.1
6452.0,436.1,288.0
6456.0,436.0,288.0
6460.0,436.6,287.9
6464.0,436.7,287.4
6468.0,436.1,287.5
6472.0,435.9,288.9
6476.0,436.0,288.6
6480.0,436.0,290.7
6484.0,436.9,288.9
6488.0,436.4,288.7
6492.0,436.1,287.9
6496.0,436.6,288.0
6500.0,437.2,289.1
6504.0,436.5,289.1
6508.0,436.3,289.8
6512.0,436.4,288.4
6516.0,436.5,288.8
6520.0,435.7,288.9
6524.0,436.1,289.7
6528.0,436.5,289.7
6532.0,436.0,289.9
6536.0,436.3,289.4
6540.0,436.8,289.1
6544.0,436.2,288.7
6548.0,435.7,289.2
6552.0,435.5,289.1
6556.0,436.7,288.9
6560.0,436.6,289.1
6564.0,436.1,289.9
6568.0,440.1,290.2
6572.0,457.8,292.8
6576.0,483.3,294.4
6580.0,512.9,293.4
6584.0,526.2,287.9
6588.0,525.0,286.6
6592.0,520.7,285.1
6596.0,520.3,286.7
6600.0,522.4,289.1
6604.0,518.8,288.5
6608.0,514.5,288.2
6612.0,514.4,287.8
6616.0,517.1,289.7
6620.0,518.1,287.8
6624.0,519.2,288.1
6628.0,519.4,288.0
6632.0,519.2,288.4
6636.0,520.5,289.6
6640.0,519.9,288.9
6644.0,520.6,288.2
6648.0,520.7,288.1
6652.0,520.9,288.5
6656.0,520.8,287.1
6660.0,520.7,287.2
6664.0,521.9,287.4
6668.0,521.2,286.7
6672.0,521.8,287.4
6676.0,522.8,288.1
6680.0,522.9,288.2
6684.0,522.8,287.9
6688.0,522.8,286.9
6692.0,522.8,287.0
6696.0,523.2,286.2
6700.0,523.5,287.3
6704.0,522.8,286.5
6708.0,524.3,285.7
6712.0,523.4,285.6
6716.0,523.1,286.1
6720.0,523.4,285.2
6724.0,523.0,285.2
6728.0,522.9,284.9
6732.0,523.6,284.4
6736.0,524.5,284.5
6740.0,524.5,284.4
6744.0,523.8,284.9
6748.0,524.1,284.5
6752.0,523.5,285.4
6756.0,525.4,285.5
6760.0,539.3,286.7
6764.0,562.9,288.1
6768.0,594.6,283.7
6772.0,616.0,282.4
6776.0,619.3,281.3
6780.0,616.2,281.6
6784.0,611.5,283.4
6788.0,602.9,282.6
6792.0,598.3,284.5
6796.0,597.9,284.2
6800.0,598.5,283.0
6804.0,600.9,283.0
6808.0,602.5,283.6
6812.0,605.7,284.7
6816.0,605.3,285.6
6820.0,605.4,287.5
6824.0,605.0,285.9
6828.0,606.3,285.6
6832.0,606.9,286.1
6836.0,607.1,286.8
6840.0,606.8,286.9
6844.0,606.2,286.8
6848.0,606.8,286.6
6852.0,606.6,283.9
6856.0,606.9,285.0
6860.0,606.8,285.0
6864.0,607.1,285.7
6868.0,607.4,285.0
6872.0,607.3,285.3
6876.0,606.5,286.1
6880.0,606.9,285.5
6884.0,607.2,285.3
6888.0,607.6,285.1
6892.0,607.6,285.5
6896.0,607.4,286.3
6900.0,607.2,286.5
6904.0,607.0,285.6
6908.0,607.6,284.4
6912.0,606.9,285.5
6916.0,607.1,284.9
6920.0,606.9,285.6
6924.0,606.6,285.2
6928.0,607.0,284.6
6932.0,607.2,284.7
6936.0,606.9,284.3
6940.0,606.7,283.9
6944.0,607.2,284.3
6948.0,606.6,284.6
6952.0,607.0,285.4
6956.0,607.4,285.3
6960.0,606.5,284.3
6964.0,607.3,283.9
6968.0,612.0,284.7
6972.0,632.3,287.7
6976.0,658.8,288.6
6980.0,686.6,287.4
6984.0,705.0,285.8
6988.0,705.0,286.1
6992.0,700.0,285.7
6996.0,689.3,285.2
7000.0,679.9,286.2
7004.0,677.7,286.6
7008.0,680.6,285.1
7012.0,684.2,284.8
7016.0,685.2,284.6
7020.0,686.9,285.2
7024.0,687.4,286.9
7028.0,688.3,285.2
7032.0,688.5,284.3
7036.0,687.6,285.0
7040.0,687.1,285.2
7044.0,688.0,285.2
7048.0,687.9,285.8
7052.0,688.0,286.2
7056.0,688.2,285.3
7060.0,687.6,287.9
7064.0,687.7,287.2
7068.0,687.9,287.1
7072.0,688.6,287.8
7076.0,688.8,288.0
7080.0,688.5,287.8
7084.0,688.9,286.5
7088.0,689.1,286.5
7092.0,687.9,285.6
7096.0,688.3,284.4
7100.0,689.3,284.3
7104.0,688.6,283.6
7108.0,688.2,284.4
7112.0,688.6,285.1
7116.0,688.8,284.4
7120.0,688.7,283.0
7124.0,688.4,283.2
7128.0,688.6,282.6
7132.0,688.5,281.7
7136.0,689.4,281.9
7140.0,688.7,283.4
7144.0,689.4,284.0
7148.0,689.6,284.8
7152.0,689.4,284.6
7156.0,689.4,284.1
7160.0,689.7,285.3
7164.0,690.1,285.0
7168.0,689.5,284.1
7172.0,688.7,283.2
7176.0,689.1,282.4
7180.0,691.1,282.3
7184.0,700.7,285.7
7188.0,725.1,284.6
7192.0,748.9,285.4
7196.0,771.4,284.5
7200.0,778.4,285.2
7204.0,779.0,287.2
7208.0,777.9,287.9
7212.0,774.6,285.5
7216.0,769.6,284.7
7220.0,765.7,284.3
7224.0,765.5,287.4
7228.0,767.4,288.1
7232.0,768.6,288.8
7236.0,768.8,289.1
7240.0,768.8,288.5
7244.0,769.1,289.2
7248.0,769.9,290.3
7252.0,769.9,289.8
7256.0,769.0,289.2
7260.0,769.1,289.1
7264.0,770.1,288.7
7268.0,770.2,288.7
7272.0,769.5,289.2
7276.0,770.6,289.1
7280.0,770.2,289.5
7284.0,770.3,289.8
7288.0,770.8,290.0
7292.0,770.5,290.8
7296.0,770.8,290.9
7300.0,771.4,291.7
7304.0,771.4,291.3
7308.0,770.4,290.4
7312.0,771.8,290.8
7316.0,771.5,291.2
7320.0,770.7,291.4
7324.0,771.2,290.8
7328.0,771.5,289.5
7332.0,771.7,288.7
7336.0,771.4,290.1
7340.0,770.8,289.8
7344.0,770.9,289.6
7348.0,770.8,289.6
7352.0,771.0,289.0
7356.0,770.2,290.2
7360.0,770.8,289.3
7364.0,770.8,289.4
7368.0,770.4,288.8
7372.0,770.1,289.6
7376.0,769.3,289.8
7380.0,769.8,289.7
7384.0,770.1,289.2
7388.0,771.6,289.0
7392.0,781.0,290.3
7396.0,802.7,289.7
7400.0,822.5,288.2
7404.0,834.6,283.9
7408.0,831.9,284.5
7412.0,827.8,283.5
7416.0,826.0,282.9
7420.0,824.4,283.3
7424.0,823.3,283.7
7428.0,821.6,284.1
7432.0,822.3,282.9
7436.0,823.3,283.5
7440.0,825.2,283.9
7444.0,824.7,283.6
7448.0,824.4,285.2
7452.0,825.2,285.9
7456.0,825.2,285.6
7460.0,825.6,285.3
7464.0,825.1,285.8
7468.0,825.9,285.8
7472.0,824.9,285.0
7476.0,824.6,285.7
7480.0,824.8,285.9
7484.0,825.3,286.1
7488.0,825.9,286.4
7492.0,825.5,286.5
7496.0,826.2,286.9
7500.0,825.7,286.0
7504.0,825.5,287.5
7508.0,825.2,286.6
7512.0,825.6,288.1
7516.0,825.4,286.3
7520.0,824.8,287.4
7524.0,825.5,288.0
7528.0,826.0,287.8
7532.0,825.7,287.5
7536.0,825.4,287.7
7540.0,826.0,287.8
7544.0,825.6,288.3
7548.0,825.7,287.6
7552.0,825.8,287.9
7556.0,826.5,288.3
7560.0,825.8,289.1
7564.0,826.7,288.7
7568.0,827.3,288.0
7572.0,826.6,288.3
7576.0,826.4,289.0
7580.0,826.8,289.2
7584.0,826.7,289.3
7588.0,827.2,289.0
7592.0,826.7,288.9
7596.0,826.7,289.7
7600.0,827.0,288.5
7604.0,826.2,288.4
7608.0,826.6,288.2
7612.0,826.2,288.9
7616.0,825.8,288.6
7620.0,825.7,288.0
7624.0,826.1,289.1
7628.0,826.1,288.6
7632.0,826.0,289.8
7636.0,825.7,287.7
7640.0,825.6,288.8
7644.0,825.5,287.6
7648.0,825.7,289.0
7652.0,825.9,288.2
7656.0,825.6,288.4
7660.0,825.2,287.7
7664.0,833.2,287.5
7668.0,849.8,286.4
7672.0,871.0,283.2
7676.0,883.8,282.5
7680.0,888.8,280.8
7684.0,886.5,280.7
7688.0,884.1,281.3
7692.0,879.2,281.4
7696.0,875.6,281.3
7700.0,874.5,282.4
7704.0,875.4,282.7
7708.0,876.9,281.7
7712.0,877.2,282.2
7716.0,877.7,282.7
7720.0,878.4,284.4
7724.0,879.0,282.8
7728.0,878.6,283.0
7732.0,879.5,283.6
7736.0,879.1,283.8
7740.0,878.9,283.3
7744.0,880.4,283.1
7748.0,880.9,283.3
7752.0,880.8,283.3
7756.0,880.6,283.7
7760.0,880.2,282.5
7764.0,881.3,282.0
7768.0,881.3,283.0
7772.0,881.1,283.6
7776.0,881.3,283.9
7780.0,881.4,283.7
7784.0,881.5,283.4
7788.0,881.7,283.3
7792.0,881.2,281.6
7796.0,882.1,282.0
7800.0,882.6,282.1
7804.0,882.0,284.0
7808.0,882.2,283.8
7812.0,882.0,283.9
7816.0,881.4,284.9
7820.0,881.4,284.2
7824.0,882.3,285.7
7828.0,882.3,286.0
7832.0,882.4,284.1
7836.0,882.3,284.6
7840.0,882.7,283.5
7844.0,883.7,283.7
7848.0,892.3,285.1
7852.0,909.4,285.9
7856.0,931.6,285.1
7860.0,946.0,283.5
7864.0,948.7,280.2
7868.0,946.4,279.4
7872.0,945.6,279.9
7876.0,944.8,280.1
7880.0,941.3,280.3
7884.0,939.1,279.7
7888.0,939.4,280.1
7892.0,940.1,280.1
7896.0,940.8,279.9
7900.0,940.1,279.9
7904.0,938.7,280.0
7908.0,939.1,279.9
7912.0,939.4,280.0
7916.0,938.5,280.5
7920.0,938.1,280.8
7924.0,938.3,280.7
7928.0,938.3,280.6
7932.0,938.2,280.7
7936.0,938.4,281.2
7940.0,938.4,281.9
7944.0,937.9,281.9
7948.0,937.8,282.2
7952.0,938.2,282.2
7956.0,937.9,281.8
7960.0,937.7,281.5
7964.0,938.0,281.6
7968.0,938.7,281.1
7972.0,937.9,280.8
7976.0,938.3,280.8
7980.0,938.5,280.8
7984.0,938.5,280.7
7988.0,938.6,281.2
7992.0,938.5,281.1
7996.0,938.2,281.8
8000.0,938.1,281.8
8004.0,938.3,282.5
8008.0,937.8,283.3
8012.0,937.9,283.5
8016.0,939.1,283.4
8020.0,939.4,283.8
8024.0,938.8,283.8
8028.0,939.0,284.6
8032.0,938.6,284.2
8036.0,937.9,284.9
8040.0,938.2,284.3
8044.0,938.2,285.0
8048.0,938.3,285.1
8052.0,938.0,285.1
8056.0,941.9,285.0
8060.0,958.7,284.1
8064.0,987.4,281.5
8068.0,1011.3,281.2
8072.0,1026.1,280.1
8076.0,1033.5,277.4
8080.0,1030.9,276.3
8084.0,1025.8,276.4
8088.0,1019.3,277.4
8092.0,1015.2,278.1
8096.0,1015.6,279.3
8100.0,1019.2,278.2
8104.0,1019.6,278.1
8108.0,1020.6,278.3
8112.0,1022.1,279.4
8116.0,1022.1,279.4
8120.0,1022.2,279.4
8124.0,1022.1,278.0
8128.0,1022.0,278.4
8132.0,1022.8,278.6
8136.0,1023.1,278.7
8140.0,1023.0,278.7
8144.0,1022.2,278.1
8148.0,1022.0,278.3
8152.0,1022.3,278.9
8156.0,1022.9,278.4
8160.0,1022.4,278.1
8164.0,1022.4,278.3
8168.0,1022.1,278.5
8172.0,1022.2,278.7
8176.0,1022.7,278.9
8180.0,1022.4,278.7
8184.0,1023.4,279.5
8188.0,1023.1,278.3
8192.0,1022.6,278.1
8196.0,1023.0,278.5
8200.0,1022.8,277.7
8204.0,1023.6,277.9
8208.0,1022.7,278.1
8212.0,1022.8,277.8
8216.0,1022.1,277.5
8220.0,1022.5,276.6
8224.0,1022.2,277.3
8228.0,1021.9,277.6
8232.0,1022.5,277.3
8236.0,1022.5,277.4
8240.0,1022.8,277.2
8244.0,1023.0,277.0
8248.0,1023.0,276.8
8252.0,1022.9,276.9
8256.0,1023.4,276.6
8260.0,1023.3,277.1
8264.0,1023.5,277.0
8268.0,1023.1,277.0
8272.0,1010.1,277.6
8276.0,977.7,280.5
8280.0,920.4,288.7
8284.0,857.9,297.2
8288.0,797.4,300.3
8292.0,740.5,305.9
8296.0,684.7,311.0
8300.0,627.4,314.7
8304.0,570.8,321.1
8308.0,515.0,322.6
8312.0,462.6,328.4
8316.0,409.2,329.7
8320.0,359.2,332.0
8324.0,310.3,333.4
8328.0,267.4,335.5
8332.0,227.8,333.2
8336.0,191.7,326.3
8340.0,166.3,324.2
8344.0,157.6,322.1
8348.0,166.5,322.9
8352.0,177.7,322.8
8356.0,181.0,320.5
8360.0,176.0,319.4
8364.0,168.5,320.2
8368.0,162.1,321.4
8372.0,159.1,323.4
8376.0,157.8,323.2
8380.0,158.5,322.7
8384.0,158.9,322.5
8388.0,160.6,322.6
8392.0,161.3,322.3
8396.0,161.1,322.2
8400.0,160.3,322.3
8404.0,160.9,322.1
8408.0,161.3,321.9
8412.0,161.1,322.1
8416.0,161.2,321.8
8420.0,160.7,321.3
8424.0,160.0,321.3
8428.0,160.2,321.6
8432.0,158.8,321.5
8436.0,158.7,321.8
8440.0,158.7,321.6
8444.0,158.3,322.6
8448.0,158.5,323.1
8452.0,158.9,323.2
8456.0,159.1,323.6
8460.0,158.0,323.2
8464.0,159.4,322.9
8468.0,158.1,323.6
8472.0,157.9,323.1
8476.0,158.3,323.7
8480.0,157.9,323.6
8484.0,157.6,324.1
8488.0,157.3,323.9
8492.0,159.0,324.4
8496.0,158.3,324.1
8500.0,157.8,324.1
8504.0,158.3,323.8
8508.0,158.3,325.2
8512.0,157.8,325.3
8516.0,157.9,325.4
8520.0,157.9,325.6
8524.0,157.9,324.9
8528.0,157.6,323.8
8532.0,157.9,324.0
8536.0,157.8,323.7
8540.0,157.8,324.1
8544.0,158.0,324.6
8548.0,157.6,323.8
8552.0,156.5,324.4
8556.0,156.0,325.0
8560.0,155.4,325.3
8564.0,155.2,325.6
8568.0,154.3,325.7
8572.0,153.9,326.4
8576.0,154.0,326.4
8580.0,153.5,326.2
8584.0,152.9,326.2
8588.0,152.6,325.1
8592.0,153.4,324.0
8596.0,154.5,323.6
8600.0,154.0,322.8
8604.0,153.7,323.1
8608.0,155.1,323.1
8612.0,155.2,322.9
8616.0,162.0,324.8
8620.0,187.5,328.7
8624.0,215.6,335.2
8628.0,228.4,336.8
8632.0,230.3,333.3
8636.0,227.6,332.7
8640.0,222.4,333.0
8644.0,217.0,332.1
8648.0,212.3,330.0
8652.0,212.0,331.0
8656.0,214.0,332.8
8660.0,217.5,333.0
8664.0,219.5,333.4
8668.0,219.7,333.5
8672.0,220.3,334.1
8676.0,220.3,335.9
8680.0,220.0,336.4
8684.0,221.3,337.2
8688.0,221.7,337.0
8692.0,220.9,336.7
8696.0,220.5,336.6
8700.0,222.5,337.1
8704.0,223.3,336.6
8708.0,223.8,337.3
8712.0,224.0,338.6
8716.0,223.8,337.9
8720.0,224.8,337.2
8724.0,225.3,336.6
8728.0,224.4,337.0
8732.0,224.7,337.3
8736.0,224.9,338.8
8740.0,225.0,337.6
8744.0,225.0,338.2
8748.0,223.7,336.3
8752.0,224.0,337.6
8756.0,224.6,337.2
8760.0,224.2,337.6
8764.0,224.2,337.7
8768.0,224.3,337.6
8772.0,224.7,337.7
8776.0,224.0,337.5
8780.0,224.0,337.9
8784.0,225.4,338.5
8788.0,226.2,338.8
8792.0,226.3,338.4
8796.0,225.0,338.8
8800.0,225.5,338.9
8804.0,225.4,338.2
8808.0,225.8,338.3
8812.0,224.5,338.0
8816.0,224.8,338.2
8820.0,225.0,338.3
8824.0,224.1,338.0
8828.0,224.4,338.1
8832.0,223.6,338.2
8836.0,224.3,338.5
8840.0,225.4,337.5
8844.0,224.0,338.4
8848.0,223.2,337.9
8852.0,223.2,339.0
8856.0,223.4,338.7
8860.0,222.3,338.7
8864.0,222.8,338.7
8868.0,222.7,338.1
8872.0,225.8,340.1
8876.0,236.3,342.7
8880.0,260.5,344.9
8884.0,288.3,347.6
8888.0,291.2,346.4
8892.0,281.8,344.8
8896.0,274.8,344.8
8900.0,272.3,345.0
8904.0,272.9,344.0
8908.0,271.8,344.3
8912.0,271.3,344.8
8916.0,272.3,344.3
8920.0,273.8,344.5
8924.0,274.2,344.4
8928.0,274.8,344.1
8932.0,275.3,345.9
8936.0,275.2,346.4
8940.0,274.5,345.1
8944.0,274.7,345.4
8948.0,274.9,345.3
8952.0,275.5,345.8
8956.0,275.7,345.1
8960.0,275.3,345.5
8964.0,274.8,344.7
8968.0,275.6,345.6
8972.0,275.6,345.4
8976.0,275.0,344.8
8980.0,275.0,345.0
8984.0,275.6,344.1
8988.0,275.6,345.0
8992.0,275.4,343.8
8996.0,275.0,344.0
9000.0,275.2,343.6
9004.0,276.0,343.2
9008.0,276.0,342.7
9012.0,275.3,343.9
9016.0,275.4,342.8
9020.0,275.4,343.5
9024.0,275.2,344.6
9028.0,275.8,343.9
9032.0,277.2,345.2
9036.0,276.3,344.3
9040.0,276.3,344.6
9044.0,274.8,344.7
9048.0,280.1,344.5
9052.0,312.7,349.5
9056.0,351.5,352.3
9060.0,384.4,351.2
9064.0,394.3,348.2
9068.0,384.1,348.8
9072.0,373.7,349.6
9076.0,366.8,351.2
9080.0,364.4,352.2
9084.0,362.2,351.7
9088.0,363.8,350.3
9092.0,365.8,350.1
9096.0,367.9,350.6
9100.0,368.8,350.5
9104.0,369.4,350.8
9108.0,369.4,350.4
9112.0,369.7,350.2
9116.0,369.8,349.7
9120.0,369.2,349.0
9124.0,368.7,349.4
9128.0,369.5,349.6
9132.0,369.4,349.9
9136.0,368.9,349.3
9140.0,368.5,349.8
9144.0,369.2,349.7
9148.0,369.6,349.2
9152.0,369.2,349.3
9156.0,369.6,348.3
9160.0,369.7,348.5
9164.0,368.8,348.6
9168.0,368.9,348.6
9172.0,370.2,349.0
9176.0,369.3,349.3
9180.0,369.0,348.6
9184.0,369.2,348.8
9188.0,369.6,348.6
9192.0,369.7,348.5
9196.0,369.5,348.7
9200.0,369.1,349.3
9204.0,369.6,348.4
9208.0,369.0,348.2
9212.0,369.2,348.7
9216.0,369.1,348.5
9220.0,369.0,348.5
9224.0,368.5,348.7
9228.0,368.5,348.8
9232.0,368.0,349.7
9236.0,368.4,349.5
9240.0,368.9,349.5
9244.0,369.6,349.7
9248.0,368.3,349.7
9252.0,368.0,349.3
9256.0,368.0,350.1
9260.0,367.8,350.3
9264.0,368.5,350.0
9268.0,369.1,350.7
9272.0,369.2,350.4
9276.0,368.3,351.0
9280.0,369.4,352.0
9284.0,368.8,351.9
9288.0,368.2,352.6
9292.0,368.4,351.0
9296.0,373.3,351.2
9300.0,395.4,355.0
9304.0,431.7,361.4
9308.0,463.8,358.5
9312.0,477.9,358.1
9316.0,475.8,359.9
9320.0,469.8,361.7
9324.0,464.4,361.0
9328.0,457.9,358.9
9332.0,452.1,358.6
9336.0,451.5,357.8
9340.0,455.8,358.5
9344.0,459.6,359.3
9348.0,460.1,359.8
9352.0,460.0,359.3
9356.0,460.1,360.0
9360.0,461.0,360.0
9364.0,461.2,359.4
9368.0,461.1,358.3
9372.0,460.4,358.3
9376.0,461.2,357.0
9380.0,460.6,354.7
9384.0,461.7,355.8
9388.0,461.0,356.2
9392.0,461.1,355.4
9396.0,461.1,355.9
9400.0,461.4,356.5
9404.0,461.0,358.1
9408.0,460.2,359.0
9412.0,461.2,359.9
9416.0,461.0,359.6
9420.0,459.9,360.0
9424.0,460.5,360.2
9428.0,460.3,360.2
9432.0,460.4,360.1
9436.0,460.4,360.9
9440.0,460.1,361.4
9444.0,460.0,361.1
9448.0,460.5,360.4
9452.0,460.5,360.9
9456.0,460.0,360.0
9460.0,460.0,359.8
9464.0,460.1,360.7
9468.0,460.4,361.0
9472.0,460.7,360.8
9476.0,459.7,360.8
9480.0,460.0,360.2
9484.0,460.5,361.2
9488.0,460.0,360.1
9492.0,459.9,359.5
9496.0,460.1,359.8
9500.0,459.4,360.4
9504.0,459.9,360.0
9508.0,460.4,359.9
9512.0,454.1,359.0
9516.0,439.7,362.6
9520.0,427.5,363.5
9524.0,421.6,361.6
9528.0,429.3,359.6
9532.0,434.9,358.7
9536.0,436.6,359.3
9540.0,436.3,359.8
9544.0,436.1,360.1
9548.0,436.8,359.6
9552.0,435.8,360.2
9556.0,434.7,359.6
9560.0,434.5,359.3
9564.0,434.7,359.1
9568.0,433.7,359.0
9572.0,434.2,359.4
9576.0,434.0,359.6
9580.0,432.7,359.3
9584.0,432.1,358.7
9588.0,433.2,357.8
9592.0,432.7,357.4
9596.0,432.0,357.4
9600.0,432.1,358.8
9604.0,431.7,357.6
9608.0,431.7,356.2
9612.0,431.6,355.1
9616.0,432.1,354.9
9620.0,431.8,355.8
9624.0,431.9,356.3
9628.0,432.0,355.9
9632.0,431.4,353.6
9636.0,431.4,354.2
9640.0,431.6,354.7
9644.0,431.2,354.8
9648.0,430.7,355.8
9652.0,431.5,356.0
9656.0,431.2,355.7
9660.0,431.2,356.1
9664.0,431.1,356.7
9668.0,431.5,357.3
9672.0,431.3,357.2
9676.0,431.6,356.3
9680.0,431.5,355.2
9684.0,431.8,355.7
9688.0,431.2,356.7
9692.0,431.2,356.1
9696.0,430.9,356.9
9700.0,431.1,356.7
9704.0,431.2,356.0
9708.0,431.3,356.5
9712.0,430.7,357.4
9716.0,430.6,356.8
9720.0,431.3,356.9
9724.0,431.1,357.3
9728.0,430.4,357.9
9732.0,431.1,358.0
9736.0,432.2,356.7
9740.0,430.5,356.8
9744.0,430.6,357.6
9748.0,431.1,358.0
9752.0,432.3,357.5
9756.0,432.1,357.7
9760.0,430.2,358.2
9764.0,438.9,361.0
9768.0,458.4,362.9
9772.0,491.8,359.1
9776.0,521.0,359.8
9780.0,532.2,353.6
9784.0,534.3,350.4
9788.0,530.2,351.8
9792.0,521.1,353.8
9796.0,514.5,355.7
9800.0,511.7,355.6
9804.0,512.9,354.0
9808.0,516.3,353.7
9812.0,517.4,354.3
9816.0,517.7,355.6
9820.0,519.0,356.3
9824.0,519.5,356.3
9828.0,520.3,357.6
9832.0,519.8,355.1
9836.0,519.7,355.4
9840.0,520.7,356.3
9844.0,520.6,355.5
9848.0,520.5,356.3
9852.0,520.6,356.8
9856.0,520.4,355.4
9860.0,520.6,355.5
9864.0,521.3,355.3
9868.0,521.5,355.3
9872.0,520.1,356.1
9876.0,521.2,355.7
9880.0,521.3,354.8
9884.0,520.6,355.7
9888.0,521.3,356.0
9892.0,520.5,356.2
9896.0,520.5,356.2
9900.0,520.8,356.3
9904.0,521.0,356.1
9908.0,520.8,355.8
9912.0,520.9,356.0
9916.0,520.8,356.1
9920.0,520.5,355.1
9924.0,520.4,356.7
9928.0,520.5,356.5
9932.0,521.2,355.3
9936.0,521.6,356.3
9940.0,521.4,354.6
9944.0,521.3,356.0
9948.0,521.3,356.7
9952.0,521.4,356.8
9956.0,522.3,356.5
9960.0,521.9,357.4
9964.0,522.0,357.9
9968.0,521.6,358.5
9972.0,522.1,357.4
9976.0,522.2,357.7
9980.0,521.5,356.7
9984.0,520.9,356.4
9988.0,521.2,356.7
9992.0,521.7,357.9
9996.0,521.4,356.7
10000.0,521.8,355.9
10004.0,521.0,357.1
10008.0,521.3,357.6
10012.0,521.8,357.4
10016.0,522.3,356.6
10020.0,521.6,355.5
10024.0,521.5,356.8
10028.0,522.1,357.2
10032.0,522.1,357.0
10036.0,522.1,356.5
10040.0,522.1,355.9
10044.0,521.9,357.6
10048.0,521.6,358.4
10052.0,522.5,358.7
10056.0,522.3,358.7
10060.0,522.8,358.7
10064.0,522.5,358.7
10068.0,522.5,358.9
10072.0,523.5,358.2
10076.0,522.8,358.8
10080.0,522.7,358.9
10084.0,523.1,357.9
10088.0,523.0,359.0
10092.0,523.7,359.0
10096.0,523.1,358.0
10100.0,524.1,358.2
10104.0,524.3,356.9
10108.0,523.2,356.6
10112.0,517.2,356.6
10116.0,501.4,358.7
10120.0,477.6,360.9
10124.0,456.1,362.8
10128.0,455.5,362.3
10132.0,465.6,359.9
10136.0,474.1,356.8
10140.0,480.4,356.7
10144.0,479.2,358.5
10148.0,478.3,359.4
10152.0,478.8,359.5
10156.0,476.7,358.6
10160.0,477.1,356.9
10164.0,477.0,355.5
10168.0,477.4,354.7
10172.0,476.5,355.8
10176.0,476.9,356.3
10180.0,477.1,355.7
10184.0,477.5,356.8
10188.0,477.2,357.1
10192.0,477.0,356.8
10196.0,477.8,357.5
10200.0,477.4,358.1
10204.0,477.3,358.5
10208.0,477.3,359.0
10212.0,476.4,359.0
10216.0,476.0,358.5
10220.0,476.4,357.4
10224.0,475.4,357.4
10228.0,475.9,357.2
10232.0,475.5,357.9
10236.0,475.6,357.7
10240.0,477.0,356.7
10244.0,476.3,356.9
10248.0,475.1,357.1
10252.0,475.5,357.0
10256.0,475.5,356.3
10260.0,475.5,356.5
10264.0,475.3,357.6
10268.0,476.2,359.3
10272.0,477.3,359.8
10276.0,477.5,358.8
10280.0,478.1,359.0
10284.0,477.5,357.2
10288.0,478.0,358.6
10292.0,477.8,358.1
10296.0,478.0,358.2
10300.0,478.4,359.0
10304.0,478.4,359.0
10308.0,478.5,358.7
10312.0,478.6,358.7
10316.0,479.2,359.0
10320.0,478.0,358.9
10324.0,477.8,359.0
10328.0,477.8,360.1
10332.0,477.7,359.9
10336.0,477.5,359.9
10340.0,478.0,360.3
10344.0,477.5,359.8
10348.0,477.6,358.4
10352.0,477.5,359.4
10356.0,477.4,358.8
10360.0,477.3,357.3
10364.0,476.6,355.2
10368.0,476.5,354.8
10372.0,491.3,357.2
10376.0,529.2,359.5
10380.0,568.5,361.1
10384.0,601.1,360.9
10388.0,609.0,360.5
10392.0,600.4,360.1
10396.0,584.9,359.2
10400.0,571.5,360.1
10404.0,565.8,360.5
10408.0,567.6,362.5
10412.0,571.1,363.6
10416.0,575.1,362.1
10420.0,577.5,361.7
10424.0,577.1,363.3
10428.0,578.1,363.1
10432.0,578.7,363.3
10436.0,578.3,363.8
10440.0,578.5,364.3
10444.0,578.4,364.3
10448.0,578.8,363.7
10452.0,577.4,364.4
10456.0,577.6,364.3
10460.0,577.8,364.2
10464.0,577.7,363.6
10468.0,577.3,363.5
10472.0,577.9,364.0
10476.0,578.3,362.9
10480.0,578.3,363.4
10484.0,578.3,362.3
10488.0,578.1,362.0
10492.0,577.7,362.2
10496.0,579.1,361.8
10500.0,579.0,363.6
10504.0,578.2,363.1
10508.0,577.8,363.7
10512.0,578.0,363.2
10516.0,577.6,363.9
10520.0,577.6,364.2
10524.0,578.2,365.2
10528.0,577.6,365.3
10532.0,577.9,365.3
10536.0,578.4,365.7
10540.0,578.6,365.6
10544.0,578.1,365.8
10548.0,578.4,365.5
10552.0,578.4,365.1
10556.0,577.9,365.4
10560.0,578.3,365.5
10564.0,577.6,365.5
10568.0,578.1,364.5
10572.0,577.6,365.6
10576.0,577.6,365.9
10580.0,577.5,365.4
10584.0,577.2,365.3
10588.0,577.6,365.2
10592.0,577.7,365.3
10596.0,577.0,364.7
10600.0,577.6,364.9
10604.0,577.7,364.4
10608.0,577.3,364.5
10612.0,577.5,364.3
10616.0,578.2,363.9
10620.0,578.4,365.1
10624.0,577.5,365.2
10628.0,577.2,365.2
10632.0,577.6,365.4
10636.0,577.7,365.3
10640.0,576.8,364.8
10644.0,576.9,364.6
10648.0,581.9,365.2
10652.0,600.3,365.2
10656.0,633.6,364.9
10660.0,673.6,363.8
10664.0,700.3,360.7
10668.0,719.9,358.5
10672.0,723.8,358.3
10676.0,716.5,359.8
10680.0,704.6,361.4
10684.0,695.1,360.2
10688.0,691.8,360.6
10692.0,696.6,360.5
10696.0,699.5,360.2
10700.0,700.7,360.3
10704.0,701.5,361.4
10708.0,701.4,361.4
10712.0,702.7,362.2
10716.0,702.7,362.7
10720.0,703.4,362.0
10724.0,703.6,361.4
10728.0,703.6,361.9
10732.0,702.4,362.5
10736.0,702.9,361.9
10740.0,703.2,361.4
10744.0,702.7,361.3
10748.0,702.8,362.0
10752.0,703.3,361.6
10756.0,702.6,361.1
10760.0,703.7,360.7
10764.0,703.5,361.6
10768.0,702.3,360.9
10772.0,703.7,360.7
10776.0,703.5,360.4
10780.0,704.8,361.1
10784.0,704.4,360.7
10788.0,704.1,360.9
10792.0,703.6,361.5
10796.0,703.5,360.4
10800.0,703.1,361.9
10804.0,704.7,360.4
10808.0,704.3,359.4
10812.0,704.0,359.3
10816.0,704.4,360.1
10820.0,705.0,360.3
10824.0,704.6,360.8
10828.0,703.3,359.1
10832.0,704.4,360.4
10836.0,704.7,360.3
10840.0,704.6,361.5
10844.0,704.7,361.2
10848.0,704.4,360.3
10852.0,705.2,360.6
10856.0,704.4,360.1
10860.0,703.8,360.8
10864.0,705.0,359.7
10868.0,703.7,359.8
10872.0,704.4,360.5
10876.0,704.6,360.7
10880.0,704.3,361.1
10884.0,704.0,362.0
10888.0,704.1,361.3
10892.0,704.3,361.0
10896.0,704.9,360.6
10900.0,704.1,360.1
10904.0,704.0,359.0
10908.0,705.2,358.9
10912.0,705.1,358.3
10916.0,704.9,356.6
10920.0,704.9,356.1
10924.0,704.8,357.3
10928.0,710.5,357.4
10932.0,727.5,357.6
10936.0,757.3,356.8
10940.0,793.3,356.3
10944.0,819.8,355.1
10948.0,837.9,353.7
10952.0,842.2,354.6
10956.0,842.0,352.6
10960.0,834.0,352.6
10964.0,825.5,354.2
10968.0,820.9,356.3
10972.0,822.4,355.4
10976.0,826.5,354.4
10980.0,829.9,354.4
10984.0,830.8,355.0
10988.0,831.0,355.6
10992.0,831.5,355.9
10996.0,831.7,356.1
11000.0,832.5,355.6
11004.0,832.6,354.5
11008.0,832.4,354.4
11012.0,831.9,354.2
11016.0,831.5,353.9
11020.0,831.6,355.5
11024.0,831.3,355.6
11028.0,831.3,356.1
11032.0,830.6,356.4
11036.0,830.7,357.3
11040.0,830.6,358.2
11044.0,829.3,358.2
11048.0,829.5,358.8
11052.0,829.9,358.0
11056.0,829.8,357.5
11060.0,829.5,356.3
11064.0,830.8,356.4
11068.0,829.7,356.8
11072.0,829.7,355.7
11076.0,830.1,355.4
11080.0,830.5,354.4
11084.0,830.4,353.8
11088.0,829.7,354.0
11092.0,830.7,354.9
11096.0,830.9,355.1
11100.0,830.6,356.8
11104.0,830.9,356.7
11108.0,830.3,357.7
11112.0,831.1,359.1
11116.0,830.4,360.7
11120.0,830.5,360.6
11124.0,831.2,360.2
11128.0,830.2,360.0
11132.0,830.7,359.2
11136.0,831.0,358.8
11140.0,831.1,357.9
11144.0,830.8,357.8
11148.0,830.4,356.4
11152.0,830.5,355.7
11156.0,830.0,354.9
11160.0,830.8,353.8
11164.0,830.7,354.1
11168.0,830.1,353.4
11172.0,830.6,354.3
11176.0,831.1,353.5
11180.0,830.4,352.8
11184.0,830.7,353.2
11188.0,831.0,353.9
11192.0,831.1,353.2
11196.0,831.2,351.8
11200.0,831.2,353.1
11204.0,831.8,351.0
11208.0,831.4,351.2
11212.0,831.1,350.5
11216.0,831.7,351.3
11220.0,831.9,349.9
11224.0,831.7,349.9
11228.0,832.3,349.0
11232.0,832.3,349.6
11236.0,831.4,349.4
11240.0,836.0,350.7
11244.0,852.9,356.5
11248.0,883.6,355.6
11252.0,909.5,357.7
11256.0,931.6,355.1
11260.0,945.1,351.7
11264.0,951.9,347.8
11268.0,958.3,348.7
11272.0,956.1,350.9
11276.0,948.9,351.1
11280.0,942.9,352.0
11284.0,941.8,352.4
11288.0,945.1,351.9
11292.0,948.4,352.2
11296.0,949.4,352.4
11300.0,951.1,352.0
11304.0,950.5,352.6
11308.0,950.2,354.1
11312.0,950.6,353.5
11316.0,950.9,353.4
11320.0,951.7,353.6
11324.0,951.7,353.4
11328.0,951.4,353.1
11332.0,951.4,353.1
11336.0,951.5,353.4
11340.0,952.1,353.5
11344.0,951.8,353.6
11348.0,951.6,353.7
11352.0,952.6,353.1
11356.0,953.2,352.4
11360.0,953.2,350.9
11364.0,953.1,350.6
11368.0,953.3,351.8
11372.0,953.1,352.3
11376.0,953.8,351.5
11380.0,953.4,351.5
11384.0,953.7,352.4
11388.0,953.8,351.4
11392.0,954.5,351.3
11396.0,953.6,351.2
11400.0,954.0,351.0
11404.0,953.5,351.4
11408.0,953.8,352.1
11412.0,954.0,352.3
11416.0,953.9,352.5
11420.0,953.8,352.2
11424.0,953.9,352.2
11428.0,953.1,352.2
11432.0,954.8,351.7
11436.0,953.4,352.3
11440.0,952.7,351.7
11444.0,953.0,351.5
11448.0,953.7,350.5
11452.0,953.1,352.3
11456.0,953.1,351.4
11460.0,951.9,351.9
11464.0,952.9,349.8
11468.0,952.9,349.5
11472.0,953.0,349.9
11476.0,952.2,351.5
11480.0,951.9,351.8
11484.0,957.9,349.2
11488.0,975.1,347.2
11492.0,997.1,344.2
11496.0,1013.4,341.8
11500.0,1019.5,340.1
11504.0,1017.1,341.1
11508.0,1014.2,342.0
11512.0,1011.5,340.2
11516.0,1008.1,340.3
11520.0,1005.8,341.9
11524.0,1006.3,342.7
11528.0,1007.7,342.2
11532.0,1009.3,342.1
11536.0,1010.3,341.8
11540.0,1009.5,342.1
11544.0,1009.1,342.8
11548.0,1009.7,342.7
11552.0,1010.4,341.6
11556.0,1010.3,342.0
11560.0,1008.9,343.2
11564.0,1009.2,343.1
11568.0,1009.2,342.9
11572.0,1008.6,342.5
11576.0,1008.9,343.8
11580.0,1009.3,343.3
11584.0,1010.4,341.6
11588.0,1009.6,342.5
11592.0,1009.3,342.6
11596.0,1009.6,342.5
11600.0,1010.3,341.9
11604.0,1010.1,341.6
11608.0,1008.1,342.3
11612.0,1008.6,342.8
11616.0,1010.1,341.9
11620.0,1009.6,342.7
11624.0,1009.1,341.9
11628.0,1009.5,341.7
11632.0,1009.4,341.8
11636.0,1009.8,341.9
11640.0,1010.0,341.8
11644.0,1010.2,341.9
11648.0,1009.5,341.6
11652.0,1010.0,340.9
11656.0,1010.2,341.8
11660.0,1009.7,341.9
11664.0,1009.9,341.9
11668.0,1011.4,341.9
11672.0,1011.7,341.5
11676.0,1008.7,341.9
11680.0,990.4,348.5
11684.0,953.1,353.8
11688.0,894.0,367.2
11692.0,831.8,381.3
11696.0,771.7,391.5
11700.0,716.9,395.0
11704.0,660.3,397.2
11708.0,603.6,395.7
11712.0,547.7,397.4
11716.0,494.3,405.1
11720.0,440.8,409.1
11724.0,391.1,409.2
11728.0,342.7,411.0
11732.0,299.4,413.8
11736.0,258.5,416.8
11740.0,218.2,417.9
11744.0,184.2,420.1
11748.0,165.0,422.6
11752.0,159.3,421.3
11756.0,167.8,418.9
11760.0,178.5,417.0
11764.0,182.1,414.1
11768.0,175.5,412.6
11772.0,164.0,411.5
11776.0,157.5,410.1
11780.0,155.7,410.3
11784.0,154.9,411.1
11788.0,154.1,411.4
11792.0,153.6,410.7
11796.0,154.0,410.7
11800.0,155.0,410.5
11804.0,155.2,411.1
11808.0,154.4,410.7
11812.0,155.6,411.0
11816.0,156.3,410.9
11820.0,156.5,411.6
11824.0,159.3,412.6
11828.0,158.9,413.6
11832.0,159.3,413.7
11836.0,160.3,413.4
11840.0,160.4,414.1
11844.0,159.3,414.5
11848.0,159.2,414.5
11852.0,160.1,414.6
11856.0,159.9,415.3
11860.0,160.1,414.0
11864.0,160.5,413.8
11868.0,161.1,414.2
11872.0,160.7,413.4
11876.0,158.9,411.6
11880.0,159.1,410.9
11884.0,159.4,410.7
11888.0,157.7,411.2
11892.0,158.2,411.9
11896.0,157.9,412.9
11900.0,158.5,412.4
11904.0,159.0,412.4
11908.0,158.3,412.1
11912.0,157.9,412.5
11916.0,158.7,414.2
11920.0,156.9,414.5
11924.0,157.6,414.9
11928.0,157.8,414.7
11932.0,158.5,416.7
11936.0,157.8,416.7
11940.0,157.8,416.4
11944.0,157.6,416.6
11948.0,157.2,416.5
11952.0,158.5,417.1
11956.0,157.6,417.3
11960.0,159.2,417.5
11964.0,166.9,417.1
11968.0,183.9,413.4
11972.0,195.0,409.0
11976.0,194.9,405.9
11980.0,188.6,407.5
11984.0,183.9,408.0
11988.0,183.4,409.8
11992.0,184.1,409.6
11996.0,184.1,409.4
12000.0,184.3,410.1
12004.0,184.5,410.0
12008.0,185.1,409.9
12012.0,185.7,410.1
12016.0,185.3,409.4
12020.0,185.2,409.6
12024.0,185.2,409.2
12028.0,186.4,409.6
12032.0,185.7,408.8
12036.0,185.4,408.9
12040.0,185.3,409.7
12044.0,185.2,409.5
12048.0,184.7,408.9
12052.0,184.6,408.4
12056.0,185.0,408.6
12060.0,185.3,408.5
12064.0,185.4,409.0
12068.0,184.5,409.2
12072.0,184.6,408.5
12076.0,185.4,408.2
12080.0,186.4,408.8
12084.0,185.3,408.1
12088.0,185.0,408.6
12092.0,185.3,409.1
12096.0,184.6,409.2
12100.0,184.6,409.4
12104.0,198.1,411.1
12108.0,224.7,415.2
12112.0,259.7,415.8
12116.0,284.8,416.1
12120.0,285.0,417.6
12124.0,274.9,416.2
12128.0,270.8,415.1
12132.0,271.6,414.8
12136.0,271.0,414.8
12140.0,265.4,414.2
12144.0,264.7,415.6
12148.0,267.4,414.6
12152.0,270.6,415.2
12156.0,271.4,416.0
12160.0,271.4,416.0
12164.0,270.8,416.8
12168.0,271.8,417.2
12172.0,271.9,417.5
12176.0,272.1,417.5
12180.0,272.1,418.2
12184.0,271.9,419.4
12188.0,271.5,418.8
12192.0,270.8,418.0
12196.0,271.5,418.3
12200.0,271.7,418.2
12204.0,271.6,418.3
12208.0,271.2,418.1
12212.0,272.2,417.6
12216.0,272.3,417.5
12220.0,272.2,416.8
12224.0,271.7,417.5
12228.0,272.2,416.6
12232.0,273.3,416.6
12236.0,272.5,416.8
12240.0,272.7,416.5
12244.0,273.0,416.5
12248.0,273.5,417.5
12252.0,273.7,417.0
12256.0,273.0,417.2
12260.0,273.9,418.2
12264.0,273.7,417.2
12268.0,273.5,416.3
12272.0,273.7,416.7
12276.0,272.8,416.6
12280.0,273.4,416.3
12284.0,274.0,416.1
12288.0,272.7,416.0
12292.0,273.8,416.1
12296.0,273.9,415.7
12300.0,272.4,415.3
12304.0,272.7,415.3
12308.0,272.4,415.3
12312.0,275.8,415.7
12316.0,295.8,418.4
12320.0,331.8,418.1
12324.0,377.5,419.2
12328.0,404.4,413.5
12332.0,407.3,411.6
12336.0,400.0,411.4
12340.0,389.0,413.1
12344.0,384.7,414.6
12348.0,381.7,417.3
12352.0,380.4,416.5
12356.0,382.6,416.6
12360.0,385.1,416.6
12364.0,386.2,417.1
12368.0,387.5,418.3
12372.0,389.0,419.5
12376.0,390.5,419.3
12380.0,389.9,419.5
12384.0,389.6,419.3
12388.0,390.3,419.0
12392.0,389.9,418.4
12396.0,389.3,418.1
12400.0,388.7,417.4
12404.0,389.2,419.0
12408.0,389.3,418.2
12412.0,389.2,417.9
12416.0,388.3,417.6
12420.0,389.7,417.5
12424.0,390.2,416.6
12428.0,390.0,416.6
12432.0,389.5,415.8
12436.0,388.9,414.9
12440.0,389.8,415.4
12444.0,389.4,416.9
12448.0,388.8,416.4
12452.0,389.4,415.3
12456.0,389.5,416.5
12460.0,389.5,417.1
12464.0,388.9,417.5
12468.0,389.3,418.2
12472.0,388.8,417.9
12476.0,389.3,417.3
12480.0,388.9,417.1
12484.0,389.4,417.8
12488.0,388.8,418.0
12492.0,389.1,418.4
12496.0,389.8,418.8
12500.0,394.1,418.2
12504.0,410.1,415.7
12508.0,438.9,420.7
12512.0,460.0,421.8
12516.0,461.7,418.3
12520.0,454.3,416.2
12524.0,447.6,415.5
12528.0,445.5,416.5
12532.0,442.2,417.6
12536.0,440.1,417.2
12540.0,441.7,417.4
12544.0,443.1,417.8
12548.0,443.6,417.6
12552.0,444.2,418.3
12556.0,445.2,418.8
12560.0,445.6,418.5
12564.0,445.6,418.8
12568.0,445.9,418.5
12572.0,446.2,418.1
12576.0,446.4,418.2
12580.0,446.3,418.5
12584.0,445.5,417.9
12588.0,445.3,417.8
12592.0,446.0,417.3
12596.0,446.3,417.6
12600.0,446.1,417.9
12604.0,446.3,418.1
12608.0,446.3,417.6
12612.0,445.8,419.0
12616.0,445.7,419.8
12620.0,446.4,420.2
12624.0,445.9,420.9
12628.0,446.8,421.6
12632.0,446.2,422.3
12636.0,446.5,422.4
12640.0,446.1,422.6
12644.0,446.8,421.9
12648.0,447.6,419.8
12652.0,446.9,419.8
12656.0,446.2,420.0
12660.0,446.5,418.4
12664.0,447.1,419.4
12668.0,448.0,419.6
12672.0,447.4,419.3
12676.0,447.0,419.3
12680.0,447.3,418.6
12684.0,448.0,419.3
12688.0,448.0,419.1
12692.0,447.8,419.5
12696.0,446.9,419.2
12700.0,447.2,419.8
12704.0,447.4,420.3
12708.0,447.2,420.6
12712.0,447.3,419.7
12716.0,446.9,420.1
12720.0,447.3,420.0
12724.0,447.2,420.5
12728.0,447.5,421.1
12732.0,447.3,420.8
12736.0,446.3,420.0
12740.0,447.0,419.6
12744.0,447.9,419.4
12748.0,446.1,418.9
12752.0,450.6,418.5
12756.0,468.4,423.2
12760.0,496.8,422.6
12764.0,524.9,421.2
12768.0,536.3,421.4
12772.0,536.1,423.1
12776.0,533.4,422.5
12780.0,529.9,421.0
12784.0,525.8,420.0
12788.0,523.7,421.2
12792.0,523.3,422.2
12796.0,524.1,421.8
12800.0,524.5,421.2
12804.0,526.4,421.3
12808.0,527.3,421.3
12812.0,527.2,423.0
12816.0,526.8,423.2
12820.0,526.7,423.6
12824.0,527.3,422.9
12828.0,527.2,422.5
12832.0,527.2,422.0
12836.0,526.6,422.0
12840.0,526.7,421.9
12844.0,527.1,421.6
12848.0,527.3,421.7
12852.0,527.4,422.4
12856.0,527.1,422.4
12860.0,527.1,421.9
12864.0,526.9,422.0
12868.0,527.5,421.7
12872.0,526.8,422.3
12876.0,527.0,421.9
12880.0,527.5,422.3
12884.0,527.2,422.7
12888.0,527.1,421.6
12892.0,527.4,422.9
12896.0,527.0,423.6
12900.0,526.9,423.1
12904.0,526.6,424.0
12908.0,526.9,424.6
12912.0,526.8,422.9
12916.0,526.9,424.1
12920.0,527.0,423.9
12924.0,527.0,424.3
12928.0,526.5,424.1
12932.0,526.7,424.9
12936.0,526.5,424.7
12940.0,526.6,424.5
12944.0,526.5,424.4
12948.0,526.3,425.4
12952.0,526.6,425.2
12956.0,526.3,425.2
12960.0,526.3,425.0
12964.0,526.5,425.3
12968.0,526.6,425.2
12972.0,526.8,424.9
12976.0,526.2,424.3
12980.0,526.5,424.7
12984.0,526.1,425.0
12988.0,526.0,425.3
12992.0,526.3,424.4
12996.0,527.0,424.6
13000.0,526.2,424.2
13004.0,526.1,424.3
13008.0,525.6,424.4
13012.0,525.6,424.1
13016.0,526.1,423.1
13020.0,526.2,423.7
13024.0,525.7,423.6
13028.0,525.6,422.5
13032.0,533.6,422.1
13036.0,557.4,425.9
13040.0,590.1,424.7
13044.0,617.8,421.3
13048.0,623.9,422.0
13052.0,617.3,422.1
13056.0,613.8,421.7
13060.0,611.5,421.6
13064.0,608.2,421.0
13068.0,605.5,420.5
13072.0,606.0,421.4
13076.0,607.6,421.3
13080.0,609.4,422.0
13084.0,609.9,422.4
13088.0,610.3,423.7
13092.0,611.4,423.9
13096.0,611.9,424.2
13100.0,611.4,424.7
13104.0,612.3,424.9
13108.0,612.1,424.7
13112.0,611.6,424.9
13116.0,611.7,426.5
13120.0,612.0,426.5
13124.0,612.4,425.4
13128.0,611.9,425.2
13132.0,612.0,425.2
13136.0,612.5,425.1
13140.0,613.2,424.9
13144.0,612.8,425.7
13148.0,612.6,426.0
13152.0,612.9,425.9
13156.0,612.8,426.2
13160.0,612.8,426.3
13164.0,612.5,426.2
13168.0,612.6,426.3
13172.0,613.0,425.8
13176.0,612.9,426.3
13180.0,612.6,426.0
13184.0,612.8,426.2
13188.0,612.9,427.0
13192.0,613.1,426.7
13196.0,613.4,426.7
13200.0,613.0,426.9
13204.0,613.4,426.6
13208.0,613.4,426.7
13212.0,613.3,426.3
13216.0,613.6,426.4
13220.0,613.8,426.4
13224.0,612.9,426.2
13228.0,613.7,427.0
13232.0,613.8,426.3
13236.0,613.4,427.0
13240.0,613.5,426.2
13244.0,613.7,426.5
13248.0,613.9,427.1
13252.0,613.6,427.1
13256.0,613.9,426.4
13260.0,614.2,426.5
13264.0,613.9,426.1
13268.0,613.7,427.1
13272.0,613.8,426.6
13276.0,613.8,426.4
13280.0,614.0,426.3
13284.0,613.7,426.5
13288.0,613.8,426.4
13292.0,613.6,426.5
13296.0,613.5,426.9
13300.0,613.6,426.8
13304.0,613.2,426.9
13308.0,613.0,426.6
13312.0,613.0,425.7
13316.0,615.3,424.5
13320.0,636.6,424.0
13324.0,666.5,425.4
13328.0,702.4,418.9
13332.0,725.5,417.7
13336.0,730.1,419.8
13340.0,724.1,420.9
13344.0,712.2,419.4
13348.0,702.4,420.4
13352.0,699.6,421.1
13356.0,700.5,420.6
13360.0,703.2,420.2
13364.0,705.3,419.3
13368.0,706.7,420.4
13372.0,707.9,422.5
13376.0,707.6,422.4
13380.0,707.8,422.9
13384.0,707.0,423.7
13388.0,707.4,423.2
13392.0,707.3,422.9
13396.0,707.4,424.1
13400.0,708.0,423.5
13404.0,707.7,421.9
13408.0,707.4,421.9
13412.0,707.5,421.9
13416.0,707.7,422.0
13420.0,707.8,421.6
13424.0,708.5,421.5
13428.0,708.0,422.0
13432.0,707.9,422.9
13436.0,707.9,422.5
13440.0,708.6,423.2
13444.0,708.8,424.0
13448.0,708.9,424.2
13452.0,708.2,424.5
13456.0,707.8,424.4
13460.0,707.9,426.6
13464.0,708.9,425.6
13468.0,709.4,425.1
13472.0,709.2,425.8
13476.0,708.9,425.2
13480.0,710.2,424.7
13484.0,710.6,423.4
13488.0,710.0,423.4
13492.0,709.8,422.7
13496.0,709.7,423.1
13500.0,710.6,422.6
13504.0,710.8,422.8
13508.0,710.7,423.3
13512.0,710.4,423.1
13516.0,710.8,422.7
13520.0,710.1,424.0
13524.0,711.4,424.1
13528.0,710.1,424.2
13532.0,710.1,424.4
13536.0,710.6,426.0
13540.0,710.5,426.0
13544.0,709.2,425.8
13548.0,709.7,426.0
13552.0,709.6,426.4
13556.0,709.8,425.4
13560.0,709.7,424.2
13564.0,709.4,424.9
13568.0,710.7,424.9
13572.0,718.5,423.8
13576.0,736.3,425.2
13580.0,758.7,425.5
13584.0,781.4,421.5
13588.0,792.2,419.8
13592.0,786.9,421.8
13596.0,775.9,422.8
13600.0,767.5,422.2
13604.0,767.6,421.9
13608.0,769.3,420.8
13612.0,770.3,420.7
13616.0,771.6,421.5
13620.0,771.6,422.3
13624.0,772.3,422.1
13628.0,772.9,422.7
13632.0,773.1,423.0
13636.0,773.0,422.8
13640.0,773.1,423.5
13644.0,773.2,423.3
13648.0,772.8,422.3
13652.0,772.5,422.4
13656.0,772.7,422.6
13660.0,771.6,424.2
13664.0,772.6,424.4
13668.0,772.2,424.4
13672.0,772.8,423.9
13676.0,773.1,424.4
13680.0,772.5,424.0
13684.0,773.0,424.3
13688.0,773.3,424.3
13692.0,773.8,424.8
13696.0,773.8,423.6
13700.0,774.1,423.5
13704.0,774.4,423.8
13708.0,775.2,422.6
13712.0,774.9,422.4
13716.0,775.9,423.0
13720.0,775.7,423.0
13724.0,774.8,423.0
13728.0,774.9,422.4
13732.0,775.4,422.7
13736.0,775.4,423.1
13740.0,775.5,423.1
13744.0,775.5,423.3
13748.0,776.4,422.3
13752.0,775.4,422.3
13756.0,776.2,423.2
13760.0,776.3,422.2
13764.0,776.2,424.1
13768.0,776.3,423.7
13772.0,776.0,422.9
13776.0,775.9,422.9
13780.0,776.2,422.6
13784.0,776.4,423.6
13788.0,782.0,422.5
13792.0,804.0,424.5
13796.0,834.8,425.0
13800.0,855.5,421.7
13804.0,863.2,423.1
13808.0,864.5,423.4
13812.0,862.4,423.6
13816.0,857.9,422.4
13820.0,851.9,423.0
13824.0,847.9,421.5
13828.0,849.4,422.4
13832.0,852.3,421.4
13836.0,854.6,420.9
13840.0,856.0,421.7
13844.0,856.4,422.0
13848.0,857.6,422.1
13852.0,857.6,424.1
13856.0,857.8,424.2
13860.0,857.5,421.8
13864.0,857.9,422.3
13868.0,857.8,422.7
13872.0,858.0,421.4
13876.0,858.2,420.3
13880.0,857.3,420.8
13884.0,857.2,421.2
13888.0,857.5,421.5
13892.0,858.1,420.7
13896.0,856.6,421.0
13900.0,856.8,422.0
13904.0,856.8,421.8
13908.0,857.0,422.4
13912.0,856.9,422.9
13916.0,856.8,422.8
13920.0,856.8,422.3
13924.0,856.8,423.5
13928.0,857.2,423.0
13932.0,856.7,422.9
13936.0,856.8,423.1
13940.0,857.5,423.2
13944.0,857.3,423.1
13948.0,857.3,423.4
13952.0,857.2,423.4
13956.0,857.9,422.5
13960.0,858.0,423.4
13964.0,857.6,423.6
13968.0,858.5,422.1
13972.0,857.7,422.2
13976.0,857.4,422.7
13980.0,860.5,424.7
13984.0,877.2,425.7
13988.0,904.0,423.5
13992.0,931.9,419.9
13996.0,943.4,415.8
14000.0,945.7,412.8
14004.0,943.3,416.4
14008.0,938.5,418.6
14012.0,932.5,419.9
14016.0,929.1,419.2
14020.0,929.6,418.8
14024.0,931.1,418.7
14028.0,933.3,418.6
14032.0,934.8,418.2
14036.0,934.4,418.7
14040.0,934.3,418.9
14044.0,934.3,419.1
14048.0,934.6,419.2
14052.0,935.1,419.0
14056.0,935.3,419.1
14060.0,935.0,419.0
14064.0,934.5,419.6
14068.0,935.2,418.7
14072.0,935.6,418.3
14076.0,935.8,418.5
14080.0,936.2,418.7
14084.0,936.8,418.0
14088.0,936.3,417.9
14092.0,936.4,417.8
14096.0,935.9,417.7
14100.0,936.4,418.0
14104.0,936.2,417.8
14108.0,937.6,418.0
14112.0,937.7,418.3
14116.0,937.2,417.4
14120.0,937.8,415.7
14124.0,938.8,415.1
14128.0,939.5,414.8
14132.0,938.4,416.8
14136.0,938.9,417.9
14140.0,939.4,418.5
14144.0,939.1,419.1
14148.0,939.1,417.6
14152.0,939.3,417.5
14156.0,939.7,416.1
14160.0,939.2,417.2
14164.0,940.8,414.6
14168.0,940.7,414.7
14172.0,940.3,415.3
14176.0,939.5,416.7
14180.0,939.7,417.0
14184.0,939.8,417.1
14188.0,939.2,416.5
14192.0,939.7,416.7
14196.0,938.9,415.7
14200.0,939.0,416.7
14204.0,939.7,416.5
14208.0,939.9,415.9
14212.0,939.4,416.0
14216.0,939.5,415.2
14220.0,940.0,415.3
14224.0,940.5,415.1
14228.0,940.2,415.1
14232.0,940.2,415.9
14236.0,940.2,416.7
14240.0,940.2,417.1
14244.0,940.6,418.3
14248.0,940.7,418.5
14252.0,940.4,418.6
14256.0,940.3,418.1
14260.0,941.2,418.6
14264.0,941.3,418.3
14268.0,941.4,418.5
14272.0,941.4,418.3
14276.0,941.3,418.6
14280.0,941.2,418.4
14284.0,941.6,418.4
14288.0,941.3,418.1
14292.0,940.3,418.1
14296.0,940.7,418.6
14300.0,942.8,421.2
14304.0,957.5,420.8
14308.0,979.9,417.6
14312.0,1004.7,412.2
14316.0,1023.2,406.6
14320.0,1032.6,404.9
14324.0,1041.9,403.1
14328.0,1046.2,402.3
14332.0,1042.5,402.3
14336.0,1034.4,402.4
14340.0,1030.5,403.2
14344.0,1028.1,404.1
14348.0,1031.6,403.2
14352.0,1034.3,403.1
14356.0,1034.9,404.0
14360.0,1035.4,406.1
14364.0,1033.9,407.0
14368.0,1034.1,407.7
14372.0,1034.1,408.1
14376.0,1035.4,408.8
14380.0,1035.3,409.4
14384.0,1035.1,410.1
14388.0,1034.3,410.3
14392.0,1034.2,410.6
14396.0,1034.9,410.8
14400.0,1033.6,410.9
14404.0,1033.8,410.4
14408.0,1034.0,410.9
14412.0,1034.7,410.9
14416.0,1034.9,410.7
14420.0,1034.6,411.1
14424.0,1034.6,410.8
14428.0,1035.3,410.4
14432.0,1035.0,410.8
14436.0,1034.3,411.6
14440.0,1034.4,411.7
14444.0,1034.3,412.4
14448.0,1033.2,412.1
14452.0,1033.3,411.2
14456.0,1033.0,410.9
14460.0,1030.3,411.3
14464.0,1011.1,411.3
14468.0,963.9,422.2
14472.0,900.7,437.2
14476.0,836.4,446.7
14480.0,775.2,448.3
14484.0,719.3,451.7
14488.0,661.5,462.4
14492.0,602.4,472.7
14496.0,546.8,474.9
14500.0,494.1,479.1
14504.0,439.4,486.7
14508.0,390.2,490.1
14512.0,339.5,490.5
14516.0,293.2,491.5
14520.0,249.8,494.2
14524.0,208.7,494.2
14528.0,172.4,494.5
14532.0,143.6,494.9
14536.0,131.4,497.9
14540.0,138.5,495.3
14544.0,151.3,491.3
14548.0,158.1,488.2
14552.0,155.2,487.2
14556.0,149.2,487.4
14560.0,138.5,488.3
14564.0,133.7,489.3
14568.0,133.2,489.1
14572.0,133.6,490.2
14576.0,134.5,489.7
14580.0,134.5,490.2
14584.0,134.4,490.0
14588.0,135.8,491.0
14592.0,135.9,491.6
14596.0,137.0,492.2
14600.0,137.5,491.9
14604.0,137.7,492.5
14608.0,136.2,491.8
14612.0,136.5,491.7
14616.0,137.2,491.8
14620.0,137.1,492.5
14624.0,134.9,493.1
14628.0,134.8,492.5
14632.0,134.7,492.3
14636.0,134.9,492.5
14640.0,134.6,492.1
14644.0,134.2,491.6
14648.0,133.9,491.6
14652.0,132.8,491.5
14656.0,132.4,491.8
14660.0,131.9,491.7
14664.0,131.1,489.9
14668.0,130.6,490.1
14672.0,130.6,490.7
14676.0,130.8,490.7
14680.0,130.2,490.5
14684.0,129.3,490.6
14688.0,132.3,491.6
14692.0,151.4,489.8
14696.0,174.4,483.3
14700.0,182.9,479.0
14704.0,173.0,479.6
14708.0,160.4,480.2
14712.0,156.1,481.3
14716.0,157.0,481.9
14720.0,159.8,481.8
14724.0,159.6,481.8
14728.0,159.6,481.4
14732.0,160.1,481.3
14736.0,160.8,481.8
14740.0,161.0,482.1
14744.0,161.4,481.8
14748.0,161.3,481.8
14752.0,160.9,481.8
14756.0,161.5,482.0
14760.0,162.2,482.4
14764.0,162.6,483.4
14768.0,162.2,483.5
14772.0,161.6,482.7
14776.0,161.4,482.7
14780.0,161.2,482.2
14784.0,161.3,483.3
14788.0,161.4,483.1
14792.0,161.9,482.7
14796.0,161.1,482.9
14800.0,162.2,483.0
14804.0,160.9,482.4
14808.0,162.1,482.7
14812.0,162.0,483.0
14816.0,161.5,483.0
14820.0,162.3,482.9
14824.0,162.6,483.6
14828.0,162.1,484.2
14832.0,162.1,482.7
14836.0,162.0,482.4
14840.0,161.7,482.8
14844.0,161.2,482.1
14848.0,160.7,482.4
14852.0,161.1,482.2
14856.0,161.1,481.8
14860.0,162.9,482.4
14864.0,173.5,483.2
14868.0,198.5,484.5
14872.0,229.3,480.7
14876.0,237.2,479.4
14880.0,229.8,479.9
14884.0,213.6,482.0
14888.0,204.2,482.8
14892.0,203.7,483.8
14896.0,208.4,485.3
14900.0,210.0,484.4
14904.0,210.4,484.4
14908.0,210.0,482.9
14912.0,212.5,483.5
14916.0,211.9,483.8
14920.0,212.3,482.3
14924.0,213.2,484.4
14928.0,212.3,483.7
14932.0,212.9,484.3
14936.0,212.9,483.4
14940.0,212.1,484.7
14944.0,212.9,483.3
14948.0,213.3,484.6
14952.0,212.9,483.8
14956.0,212.7,483.5
14960.0,213.0,484.0
14964.0,211.1,483.1
14968.0,210.2,482.5
14972.0,211.0,483.2
14976.0,211.2,483.5
14980.0,210.6,483.8
14984.0,210.7,483.8
14988.0,210.0,483.1
14992.0,210.2,483.4
14996.0,209.4,483.5
15000.0,209.9,483.9
15004.0,209.5,484.0
15008.0,210.9,484.1
15012.0,211.1,483.5
15016.0,210.1,483.9
15020.0,209.7,483.7
15024.0,210.5,482.6
15028.0,210.2,482.2
15032.0,210.5,481.1
15036.0,210.5,482.5
15040.0,211.2,483.1
15044.0,210.9,483.2
15048.0,211.0,482.9
15052.0,211.0,483.6
15056.0,211.5,483.7
15060.0,212.3,485.5
15064.0,211.8,483.4
15068.0,212.2,484.2
15072.0,212.1,484.1
15076.0,211.9,483.0
15080.0,211.7,483.4
15084.0,211.9,483.0
15088.0,212.3,483.7
15092.0,212.9,482.7
15096.0,212.7,483.1
15100.0,213.5,483.7
15104.0,212.9,483.6
15108.0,212.7,483.1
15112.0,212.3,483.3
15116.0,212.2,483.8
15120.0,212.3,483.7
15124.0,212.4,482.2
15128.0,212.1,482.6
15132.0,211.3,483.3
15136.0,209.8,483.6
15140.0,210.8,484.2
15144.0,210.8,483.9
15148.0,210.6,484.1
15152.0,210.9,484.1
15156.0,210.3,483.6
15160.0,210.6,483.4
15164.0,209.9,483.3
15168.0,210.5,482.9
15172.0,210.2,482.6
15176.0,209.8,482.4
15180.0,210.0,481.2
15184.0,210.1,481.4
15188.0,209.9,482.5
15192.0,210.7,483.0
15196.0,210.5,483.1
15200.0,210.2,483.2
15204.0,210.8,483.2
15208.0,211.2,483.7
15212.0,211.0,485.7
15216.0,210.9,484.5
15220.0,210.3,483.4
15224.0,210.6,483.9
15228.0,210.6,483.8
15232.0,211.0,483.0
15236.0,210.9,482.8
15240.0,211.4,483.0
15244.0,210.8,483.0
15248.0,210.8,482.9
15252.0,210.3,482.3
15256.0,210.4,483.4
15260.0,211.6,483.4
15264.0,211.8,483.9
15268.0,211.9,483.6
15272.0,211.2,483.7
15276.0,211.5,484.0
15280.0,212.7,484.1
15284.0,224.2,483.0
15288.0,254.8,487.0
15292.0,284.4,485.5
15296.0,302.0,482.6
15300.0,298.8,482.6
15304.0,284.7,482.7
15308.0,277.4,482.6
15312.0,277.1,482.5
15316.0,278.3,484.1
15320.0,278.2,483.4
15324.0,279.0,484.6
15328.0,280.5,485.5
15332.0,281.4,484.7
15336.0,282.9,485.8
15340.0,282.6,486.0
15344.0,284.0,485.9
15348.0,283.1,486.7
15352.0,283.9,486.0
15356.0,284.6,486.1
15360.0,284.4,486.0
15364.0,284.9,486.1
15368.0,285.1,485.8
15372.0,284.8,486.0
15376.0,284.6,485.7
15380.0,284.9,486.8
15384.0,285.3,485.9
15388.0,285.0,485.9
15392.0,284.6,485.7
15396.0,284.6,486.3
15400.0,285.5,485.6
15404.0,285.1,485.4
15408.0,285.6,485.3
15412.0,285.2,485.7
15416.0,285.9,485.6
15420.0,285.9,485.5
15424.0,285.7,485.7
15428.0,285.5,485.1
15432.0,285.6,485.3
15436.0,286.2,484.7
15440.0,285.8,485.1
15444.0,285.5,484.6
15448.0,285.8,485.0
15452.0,285.5,485.2
15456.0,285.5,486.1
15460.0,285.1,485.6
15464.0,284.4,485.3
15468.0,284.4,485.4
15472.0,284.9,485.3
15476.0,284.6,485.9
15480.0,284.2,486.0
15484.0,283.9,486.4
15488.0,284.3,486.8
15492.0,283.6,487.1
15496.0,283.8,486.9
15500.0,284.1,487.5
15504.0,283.8,487.5
15508.0,283.2,487.0
15512.0,283.2,487.2
15516.0,289.3,487.0
15520.0,312.4,483.6
15524.0,354.7,484.6
15528.0,397.8,479.2
15532.0,431.0,474.7
15536.0,451.6,477.2
15540.0,447.2,482.6
15544.0,428.3,483.1
15548.0,409.9,482.0
15552.0,405.9,482.2
15556.0,409.0,481.4
15560.0,412.6,481.1
15564.0,415.9,480.7
15568.0,417.4,481.5
15572.0,420.0,481.8
15576.0,422.1,483.9
15580.0,423.5,484.6
15584.0,423.3,484.1
15588.0,422.2,484.1
15592.0,422.0,483.7
15596.0,422.3,484.6
15600.0,422.1,484.8
15604.0,422.1,484.6
15608.0,421.9,484.2
15612.0,420.8,483.7
15616.0,422.8,484.3
15620.0,422.4,484.2
15624.0,422.4,484.2
15628.0,422.3,483.9
15632.0,422.3,484.0
15636.0,422.2,484.6
15640.0,422.4,484.2
15644.0,422.6,484.5
15648.0,422.4,484.1
15652.0,422.2,483.8
15656.0,423.3,484.0
15660.0,422.2,484.4
15664.0,421.8,482.9
15668.0,421.8,483.0
15672.0,422.1,482.8
15676.0,422.9,483.1
15680.0,422.3,483.7
15684.0,422.7,482.9
15688.0,422.0,482.9
15692.0,422.1,483.9
15696.0,422.5,483.9
15700.0,422.2,484.2
15704.0,422.3,484.4
15708.0,422.6,483.7
15712.0,422.8,484.3
15716.0,422.6,484.5
15720.0,422.8,485.1
15724.0,422.0,483.9
15728.0,422.8,485.3
15732.0,423.0,484.9
15736.0,422.0,485.4
15740.0,422.2,485.3
15744.0,423.2,485.9
15748.0,423.0,485.9
15752.0,422.8,486.0
15756.0,422.6,485.4
15760.0,423.2,484.5
15764.0,421.9,484.0
15768.0,422.0,484.2
15772.0,422.6,484.8
15776.0,431.9,482.7
15780.0,463.3,483.6
15784.0,494.6,482.9
15788.0,516.7,477.9
15792.0,520.4,476.9
15796.0,520.5,480.3
15800.0,517.0,480.2
15804.0,507.7,481.6
15808.0,500.7,483.3
15812.0,498.9,483.5
15816.0,500.9,482.2
15820.0,504.4,480.7
15824.0,507.2,478.6
15828.0,507.7,479.3
15832.0,507.7,480.0
15836.0,509.2,478.5
15840.0,510.3,478.3
15844.0,510.0,478.9
15848.0,509.9,478.9
15852.0,510.4,479.2
15856.0,510.5,479.6
15860.0,510.1,479.2
15864.0,509.6,479.7
15868.0,510.5,480.2
15872.0,510.2,479.2
15876.0,509.9,478.4
15880.0,510.6,479.5
15884.0,510.3,480.8
15888.0,509.3,481.2
15892.0,509.4,481.6
15896.0,509.5,480.3
15900.0,509.6,482.4
15904.0,510.3,481.3
15908.0,510.0,481.0
15912.0,509.8,481.4
15916.0,509.8,481.9
15920.0,509.9,481.6
15924.0,510.1,482.2
15928.0,508.3,482.5
15932.0,511.5,481.5
15936.0,521.2,483.3
15940.0,552.7,486.5
15944.0,587.2,487.4
15948.0,615.6,484.7
15952.0,623.3,486.1
15956.0,621.6,485.4
15960.0,614.2,487.6
15964.0,605.1,486.6
15968.0,598.9,486.3
15972.0,598.5,486.2
15976.0,601.0,486.6
15980.0,603.0,486.9
15984.0,603.6,487.6
15988.0,607.1,488.2
15992.0,607.1,488.1
15996.0,608.1,488.7
16000.0,609.3,488.7
16004.0,609.6,486.7
16008.0,609.6,486.5
16012.0,611.2,486.7
16016.0,610.7,486.6
16020.0,610.6,487.9
16024.0,610.4,486.9
16028.0,610.1,487.8
16032.0,611.1,488.3
16036.0,610.8,488.0
16040.0,611.7,488.4
16044.0,611.4,488.2
16048.0,610.9,488.1
16052.0,610.5,487.5
16056.0,610.6,486.8
16060.0,611.0,486.9
16064.0,611.0,485.9
16068.0,611.4,486.0
16072.0,611.6,485.9
16076.0,611.4,485.5
16080.0,611.5,484.8
16084.0,611.4,484.6
16088.0,611.7,484.9
16092.0,611.9,485.7
16096.0,611.5,485.5
16100.0,611.4,485.6
16104.0,611.6,485.5
16108.0,612.0,486.3
16112.0,611.5,486.1
16116.0,611.2,485.8
16120.0,610.9,485.4
16124.0,611.2,485.1
16128.0,611.7,482.7
16132.0,611.7,483.7
16136.0,611.4,482.7
16140.0,611.8,481.8
16144.0,611.4,479.0
16148.0,610.8,478.5
16152.0,611.5,479.1
16156.0,611.7,478.5
16160.0,610.9,478.5
16164.0,610.9,478.7
16168.0,610.4,478.7
16172.0,610.6,478.4
16176.0,611.3,478.4
16180.0,611.3,479.5
16184.0,611.0,479.1
16188.0,610.1,480.8
16192.0,610.6,482.9
16196.0,610.8,483.1
16200.0,611.1,483.5
16204.0,610.8,484.2
16208.0,617.2,487.5
16212.0,640.3,491.0
16216.0,677.7,488.3
16220.0,713.9,486.8
16224.0,731.0,486.9
16228.0,732.0,486.7
16232.0,721.7,487.3
16236.0,710.8,484.8
16240.0,703.8,485.5
16244.0,704.2,485.3
16248.0,705.4,485.6
16252.0,708.0,485.3
16256.0,710.6,484.2
16260.0,712.3,485.3
16264.0,712.1,485.5
16268.0,713.5,487.0
16272.0,713.1,486.5
16276.0,714.2,486.1
16280.0,713.4,486.3
16284.0,714.1,486.4
16288.0,715.5,485.8
16292.0,716.0,485.9
16296.0,715.2,485.7
16300.0,716.1,485.7
16304.0,716.3,485.1
16308.0,716.1,485.1
16312.0,717.0,485.6
16316.0,717.9,485.5
16320.0,717.3,485.8
16324.0,717.6,485.1
16328.0,717.7,485.0
16332.0,718.1,486.0
16336.0,718.7,485.8
16340.0,719.1,485.1
16344.0,717.8,486.5
16348.0,717.8,486.6
16352.0,718.8,486.8
16356.0,719.1,487.6
16360.0,718.8,487.7
16364.0,718.8,487.2
16368.0,718.5,486.3
16372.0,718.6,486.1
16376.0,718.0,485.8
16380.0,717.7,484.4
16384.0,718.9,484.4
16388.0,718.6,483.3
16392.0,719.0,483.4
16396.0,718.3,484.4
16400.0,718.1,483.7
16404.0,718.2,484.5
16408.0,718.6,482.1
16412.0,718.0,482.7
16416.0,717.7,483.7
16420.0,718.7,485.5
16424.0,719.0,486.0
16428.0,718.9,486.2
16432.0,718.8,485.8
16436.0,718.5,486.5
16440.0,718.6,486.3
16444.0,717.9,486.7
16448.0,717.8,487.6
16452.0,719.8,486.8
16456.0,719.1,487.6
16460.0,719.0,487.5
16464.0,719.4,487.2
16468.0,719.0,487.5
16472.0,719.6,486.8
16476.0,719.8,487.2
16480.0,718.8,487.2
16484.0,718.6,487.2
16488.0,719.3,486.7
16492.0,718.6,487.2
16496.0,719.3,486.6
16500.0,718.8,486.3
16504.0,719.3,486.7
16508.0,719.5,486.7
16512.0,719.8,487.0
16516.0,719.7,487.1
16520.0,720.2,487.3
16524.0,719.9,487.1
16528.0,719.6,487.9
16532.0,719.7,487.8
16536.0,719.7,486.6
16540.0,719.6,486.5
16544.0,721.7,485.2
16548.0,738.1,486.0
16552.0,764.0,486.2
16556.0,786.6,485.2
16560.0,793.0,483.4
16564.0,789.9,481.7
16568.0,785.3,482.0
16572.0,783.5,482.1
16576.0,782.1,483.0
16580.0,780.5,484.1
16584.0,780.5,482.9
16588.0,780.8,483.2
16592.0,781.1,483.8
16596.0,781.7,483.7
16600.0,782.6,484.0
16604.0,783.1,484.0
16608.0,783.7,483.8
16612.0,784.1,484.3
16616.0,784.2,484.2
16620.0,783.8,484.2
16624.0,783.9,483.5
16628.0,784.7,483.7
16632.0,785.0,483.7
16636.0,786.0,483.5
16640.0,785.4,483.0
16644.0,786.2,482.8
16648.0,787.5,481.6
16652.0,787.9,479.4
16656.0,788.6,476.8
16660.0,788.9,476.2
16664.0,789.0,475.3
16668.0,788.8,474.9
16672.0,788.5,476.0
16676.0,787.7,476.6
16680.0,787.8,477.2
16684.0,788.4,479.3
16688.0,788.8,480.6
16692.0,788.4,481.8
16696.0,787.7,481.8
16700.0,787.1,481.6
16704.0,787.4,481.0
16708.0,787.9,481.3
16712.0,787.4,481.0
16716.0,786.9,481.4
16720.0,786.6,482.6
16724.0,786.4,482.1
16728.0,786.6,482.3
16732.0,786.8,482.3
16736.0,792.3,482.4
16740.0,811.4,486.2
16744.0,840.7,486.1
16748.0,873.7,482.9
16752.0,895.1,480.9
16756.0,905.5,480.6
16760.0,906.7,480.9
16764.0,904.4,480.0
16768.0,898.4,478.1
16772.0,891.6,476.5
16776.0,889.3,476.7
16780.0,890.7,475.3
16784.0,894.1,474.9
16788.0,896.6,475.3
16792.0,897.5,476.4
16796.0,899.1,476.3
16800.0,898.3,476.3
16804.0,899.3,477.2
16808.0,899.5,478.0
16812.0,899.0,479.4
16816.0,898.5,479.9
16820.0,897.9,480.2
16824.0,896.9,482.2
16828.0,896.7,481.3
16832.0,896.9,482.0
16836.0,897.1,482.0
16840.0,897.1,481.0
16844.0,897.1,480.3
16848.0,897.6,477.9
16852.0,898.1,476.8
16856.0,898.5,475.5
16860.0,898.9,475.1
16864.0,898.2,474.2
16868.0,899.0,474.0
16872.0,897.7,474.9
16876.0,897.8,475.3
16880.0,897.8,477.0
16884.0,897.9,479.2
16888.0,897.1,480.8
16892.0,896.3,482.3
16896.0,896.3,483.3
16900.0,896.1,483.8
16904.0,895.7,484.6
16908.0,894.5,484.5
16912.0,894.9,484.0
16916.0,894.4,484.2
16920.0,894.6,484.1
16924.0,893.8,484.5
16928.0,893.9,484.6
16932.0,895.4,483.7
16936.0,895.0,484.3
16940.0,893.5,484.7
16944.0,893.1,483.8
16948.0,892.8,484.3
16952.0,893.6,484.2
16956.0,893.1,484.8
16960.0,892.5,483.6
16964.0,893.5,483.2
16968.0,899.9,483.1
16972.0,916.8,482.1
16976.0,938.6,480.7
16980.0,949.7,480.1
16984.0,948.1,479.4
16988.0,938.6,480.8
16992.0,932.8,482.4
16996.0,931.4,483.8
17000.0,931.6,483.2
17004.0,932.0,483.1
17008.0,933.2,482.4
17012.0,933.7,482.3
17016.0,934.1,482.8
17020.0,934.0,483.4
17024.0,933.7,483.1
17028.0,933.9,482.5
17032.0,934.9,482.5
17036.0,934.6,483.0
17040.0,934.2,483.5
17044.0,934.8,483.0
17048.0,935.0,483.4
17052.0,934.5,482.4
17056.0,934.1,481.8
17060.0,934.6,481.6
17064.0,934.9,481.3
17068.0,935.4,481.5
17072.0,934.5,481.4
17076.0,934.2,481.2
17080.0,935.4,481.5
17084.0,933.9,480.7
17088.0,934.0,480.5
17092.0,934.1,480.9
17096.0,933.6,479.7
17100.0,934.0,479.4
17104.0,933.5,479.7
17108.0,932.8,479.6
17112.0,932.4,479.6
17116.0,932.4,480.4
17120.0,932.6,481.0
17124.0,932.7,481.2
17128.0,932.0,481.8
17132.0,931.6,482.2
17136.0,932.3,483.4
17140.0,933.4,483.8
17144.0,930.4,482.9
17148.0,905.0,482.4
17152.0,860.2,478.6
17156.0,806.1,472.1
17160.0,750.1,468.3
17164.0,699.1,465.7
17168.0,648.5,455.9
17172.0,597.5,451.7
17176.0,549.1,451.2
17180.0,501.3,450.0
17184.0,455.7,444.3
17188.0,415.0,436.0
17192.0,383.1,431.6
17196.0,359.7,430.2
17200.0,345.1,423.2
17204.0,349.3,420.0
17208.0,362.7,418.1
17212.0,371.2,419.0
17216.0,365.9,417.1
17220.0,355.8,413.8
